MiningPower,NON,Height,Onchain,Orphan,BuildTime
0.001,100,30,0,0,3
0.001,100,50,0,0,760
0.001,100,100,0,0,892
0.001,100,150,1,0,1
0.001,100,200,0,0,1
0.001,100,250,0,2,1
0.001,200,30,0,0,746
0.001,200,50,0,0,847
0.001,200,100,0,0,1
0.001,200,150,0,0,1
0.001,200,200,0,0,1
0.001,200,250,0,0,1
0.001,300,30,0,0,867
0.001,300,50,0,0,972
0.001,300,100,0,1,1
0.001,300,150,0,0,1
0.001,300,200,1,0,1
0.001,300,250,0,0,2
0.001,500,30,0,0,1
0.001,500,50,0,0,1
0.001,500,100,0,0,1
0.001,500,150,0,0,2
0.001,500,200,0,0,3
0.001,500,250,0,0,3
0.001,1000,30,0,0,1
0.001,1000,50,0,0,1
0.001,1000,100,0,0,3
0.001,1000,150,2,0,4
0.001,1000,200,2,0,6
0.001,1000,250,4,1,6
0.001,3000,30,0,0,4
0.001,3000,50,1,0,6
0.001,3000,100,0,0,10
0.001,3000,150,2,0,15
0.001,3000,200,1,0,20
0.001,3000,250,1,0,23
0.001,5000,30,0,0,7
0.001,5000,50,0,0,13
0.001,5000,100,0,0,21
0.001,5000,150,0,0,32
0.001,5000,200,0,1,40
0.001,5000,250,0,0,55
0.001,6000,30,1,0,10
0.001,6000,50,0,0,15
0.001,6000,100,0,0,27
0.001,6000,150,1,0,35
0.001,6000,200,2,0,49
0.001,8000,30,0,0,16
0.001,8000,50,0,0,26
0.001,8000,100,1,0,33
0.001,8000,150,1,0,1
0.001,8000,200,1,0,6
0.001,8050,30,0,0,1
0.001,8050,50,0,0,23
0.001,8050,100,1,0,12
0.001,8050,150,0,0,20
0.001,8050,200,0,1,42
0.010,100,30,0,0,1
0.010,100,50,0,0,1
0.010,100,100,0,1,13
0.010,100,150,2,0,697
0.010,100,200,1,1,740
0.010,100,250,0,0,807
0.010,200,30,0,0,929
0.010,200,50,0,1,1
0.010,200,100,0,2,1
0.010,200,150,2,0,752
0.010,200,200,2,1,856
0.010,200,250,1,0,1
0.010,300,30,0,1,1
0.010,300,50,0,0,1
0.010,300,100,0,0,1
0.010,300,150,0,1,845
0.010,300,200,0,0,949
0.010,300,250,1,2,1
0.010,500,30,0,0,1
0.010,500,50,0,0,1
0.010,500,100,0,0,2
0.010,500,150,0,2,972
0.010,500,200,0,2,1
0.010,500,250,0,3,1
0.010,1000,30,0,0,2
0.010,1000,50,3,0,2
0.010,1000,100,1,0,3
0.010,1000,150,4,0,1
0.010,1000,200,4,1,1
0.010,1000,250,0,3,3
0.010,3000,30,0,0,4
0.010,3000,50,0,0,5
0.010,3000,100,1,2,6
0.010,3000,150,0,0,3
0.010,3000,200,3,2,5
0.010,3000,250,3,1,10
0.010,5000,30,0,0,15
0.010,5000,50,0,0,20
0.010,5000,100,1,1,23
0.010,5000,150,1,2,7
0.010,5000,200,3,0,11
0.010,5000,250,2,0,21
0.010,6000,30,0,0,29
0.010,6000,50,0,1,37
0.010,6000,100,0,1,49
0.010,6000,150,3,0,10
0.010,6000,200,2,1,15
0.010,6000,250,1,1,27
0.010,8000,30,0,0,40
0.010,8000,50,0,0,59
0.010,8000,100,0,2,1
0.010,8000,150,0,0,10
0.010,8000,200,0,5,15
0.010,8050,30,0,0,20
0.010,8050,50,0,1,40
0.010,8050,100,1,1,1
0.010,8050,150,1,0,5
0.030,100,30,0,0,1
0.030,100,50,0,1,20
0.030,100,100,1,2,13
0.030,100,150,3,1,22
0.030,100,200,3,2,37
0.030,100,250,1,3,57
0.030,200,30,0,2,691
0.030,200,50,1,1,693
0.030,200,100,0,0,809
0.030,200,150,2,1,891
0.030,200,200,2,1,1
0.030,200,250,2,3,1
0.030,300,30,0,0,739
0.030,300,50,0,2,876
0.030,300,100,1,3,1
0.030,300,150,3,4,1
0.030,300,200,1,3,1
0.030,300,250,0,6,1
0.030,500,30,0,0,910
0.030,500,50,2,1,1
0.030,500,100,0,0,1
0.030,500,150,0,3,1
0.030,500,200,3,5,1
0.030,500,250,3,5,2
0.030,1000,30,0,0,1
0.030,1000,50,1,0,1
0.030,1000,100,3,1,1
0.030,1000,150,1,2,2
0.030,1000,200,6,1,2
0.030,1000,250,6,2,3
0.030,3000,30,2,0,1
0.030,3000,50,3,1,1
0.030,3000,100,2,0,3
0.030,3000,150,0,5,4
0.030,3000,200,3,3,5
0.030,3000,250,5,4,6
0.030,5000,30,0,0,3
0.030,5000,50,1,0,6
0.030,5000,100,4,2,11
0.030,5000,150,2,2,15
0.030,5000,200,3,1,19
0.030,5000,250,5,2,28
0.030,6000,30,0,0,7
0.030,6000,50,1,0,10
0.030,6000,100,3,4,22
0.030,6000,150,0,3,29
0.030,6000,200,6,4,40
0.030,6000,250,3,2,48
0.030,8000,30,0,1,9
0.030,8000,50,0,4,16
0.030,8000,100,2,1,28
0.030,8000,150,1,4,38
0.030,8050,30,0,0,50
0.030,8050,50,0,0,1
0.030,8050,100,7,1,12
0.030,8050,150,2,2,14
0.030,8050,200,8,1,23
0.050,100,30,0,3,43
0.050,100,50,0,0,1
0.050,100,100,5,2,14
0.050,100,150,3,4,21
0.050,100,200,6,8,43
0.050,100,250,9,3,59
0.050,200,30,1,1,1
0.050,200,50,0,2,16
0.050,200,100,2,4,712
0.050,200,150,0,7,676
0.050,200,200,0,5,806
0.050,200,250,10,5,971
0.050,300,30,0,0,1
0.050,300,50,1,3,1
0.050,300,100,1,4,752
0.050,300,150,2,8,920
0.050,300,200,4,6,1
0.050,300,250,6,11,1
0.050,500,30,0,1,1
0.050,500,50,2,1,1
0.050,500,100,0,3,820
0.050,500,150,0,5,955
0.050,500,200,4,7,1
0.050,500,250,0,7,1
0.050,1000,30,0,4,2
0.050,1000,50,2,0,2
0.050,1000,100,1,0,1
0.050,1000,150,7,2,1
0.050,1000,200,13,5,1
0.050,1000,250,18,5,2
0.050,3000,30,1,0,3
0.050,3000,50,0,1,3
0.050,3000,100,6,2,1
0.050,3000,150,3,7,1
0.050,3000,200,5,7,3
0.050,3000,250,7,2,4
0.050,5000,30,4,1,5
0.050,5000,50,1,0,7
0.050,5000,100,2,1,3
0.050,5000,150,3,1,5
0.050,5000,200,13,3,10
0.050,5000,250,2,2,16
0.050,6000,30,0,2,21
0.050,6000,50,5,1,25
0.050,6000,100,2,1,6
0.050,6000,150,4,3,11
0.050,6000,200,3,6,22
0.050,6000,250,2,8,28
0.050,8000,30,0,3,39
0.050,8000,50,0,4,52
0.050,8000,100,0,0,9
0.050,8000,150,0,4,15
0.050,8000,200,0,15,25
0.050,8050,30,0,1,42
0.050,8050,50,1,1,1
0.050,8050,100,13,1,3
0.050,8050,150,8,2,1
0.050,8050,200,11,2,11
0.070,100,30,5,0,15
0.070,100,50,2,2,23
0.070,100,100,0,2,36
0.070,100,150,6,2,1
0.070,100,200,2,5,2
0.070,100,250,10,8,1
0.070,200,30,0,0,22
0.070,200,50,1,4,13
0.070,200,100,3,4,20
0.070,200,150,5,10,39
0.070,200,200,10,11,56
0.070,200,250,10,8,1
0.070,300,30,0,2,24
0.070,300,50,0,1,685
0.070,300,100,2,7,690
0.070,300,150,2,5,873
0.070,300,200,2,9,946
0.070,300,250,7,9,1
0.070,500,30,0,3,1
0.070,500,50,1,4,823
0.070,500,100,1,8,839
0.070,500,150,4,10,1
0.070,500,200,1,9,1
0.070,500,250,4,11,1
0.070,1000,30,2,0,1
0.070,1000,50,5,1,839
0.070,1000,100,6,2,995
0.070,1000,150,4,7,1
0.070,1000,200,6,7,1
0.070,1000,250,16,13,1
0.070,3000,30,3,0,2
0.070,3000,50,0,4,1
0.070,3000,100,3,2,1
0.070,3000,150,5,2,1
0.070,3000,200,7,7,2
0.070,3000,250,16,10,2
0.070,5000,30,2,1,3
0.070,5000,50,4,4,1
0.070,5000,100,6,3,2
0.070,5000,150,5,7,3
0.070,5000,200,13,5,4
0.070,5000,250,9,3,6
0.070,6000,30,2,1,7
0.070,6000,50,1,2,3
0.070,6000,100,6,5,5
0.070,6000,150,3,4,10
0.070,6000,200,2,6,15
0.070,6000,250,9,10,20
0.070,8000,30,4,1,23
0.070,8000,50,0,1,7
0.070,8000,100,5,6,11
0.070,8000,150,2,4,20
0.070,8000,200,3,9,31
0.070,8050,30,2,1,39
0.070,8050,50,1,1,48
0.070,8050,100,4,1,10
0.070,8050,150,5,1,15
0.070,8050,200,2,4,31
0.080,100,30,0,1,42
0.080,100,50,1,2,59
0.080,100,100,6,4,1
0.080,100,150,3,7,10
0.080,100,200,7,8,13
0.080,100,250,12,14,22
0.080,200,30,1,0,41
0.080,200,50,2,3,1
0.080,200,100,6,2,1
0.080,200,150,4,4,26
0.080,200,200,10,8,14
0.080,200,250,15,9,21
0.080,300,30,2,1,43
0.080,300,50,0,2,58
0.080,300,100,0,6,1
0.080,300,150,2,8,23
0.080,300,200,8,10,684
0.080,300,250,1,20,694
0.080,500,30,3,0,799
0.080,500,50,0,1,928
0.080,500,100,4,7,1
0.080,500,150,2,9,1
0.080,500,200,4,5,764
0.080,500,250,3,12,807
0.080,1000,30,1,0,1
0.080,1000,50,6,1,1
0.080,1000,100,2,3,1
0.080,1000,150,11,3,1
0.080,1000,200,14,7,871
0.080,1000,250,13,6,1
0.080,3000,30,0,0,1
0.080,3000,50,3,4,1
0.080,3000,100,6,8,2
0.080,3000,150,3,8,2
0.080,3000,200,10,7,1
0.080,3000,250,7,14,1
0.080,5000,30,2,0,1
0.080,5000,50,3,1,2
0.080,5000,100,7,3,3
0.080,5000,150,9,2,3
0.080,5000,200,9,2,1
0.080,5000,250,20,6,2
0.080,6000,30,0,3,3
0.080,6000,50,2,2,4
0.080,6000,100,5,5,5
0.080,6000,150,5,12,6
0.080,6000,200,4,7,3
0.080,8000,30,0,3,5
0.080,8000,50,3,4,9
0.080,8000,100,0,9,15
0.080,8000,150,0,14,18
0.080,8050,30,4,1,24
0.080,8050,50,1,3,7
0.080,8050,100,7,0,12
0.080,8050,150,8,4,21
0.080,8050,200,7,9,36
0.090,100,30,1,0,43
0.090,100,50,0,2,48
0.090,100,100,4,2,10
0.090,100,150,5,5,14
0.090,100,200,9,7,29
0.090,100,250,13,9,41
0.090,200,30,1,1,59
0.090,200,50,2,3,12
0.090,200,100,5,6,22
0.090,200,150,9,10,40
0.090,200,200,11,9,1
0.090,200,250,11,12,6
0.090,300,30,0,0,14
0.090,300,50,0,5,18
0.090,300,100,4,10,38
0.090,300,150,3,7,1
0.090,300,200,8,19,2
0.090,300,250,6,16,1
0.090,500,30,1,1,20
0.090,500,50,0,1,719
0.090,500,100,4,2,680
0.090,500,150,4,10,842
0.090,500,200,12,16,1
0.090,500,250,1,22,1
0.090,1000,30,1,0,1
0.090,1000,50,1,1,725
0.090,1000,100,7,5,819
0.090,1000,150,7,7,1
0.090,1000,200,13,7,1
0.090,1000,250,18,6,1
0.090,3000,30,0,2,1
0.090,3000,50,2,3,843
0.090,3000,100,3,6,962
0.090,3000,150,13,7,1
0.090,3000,200,10,6,1
0.090,3000,250,14,11,1
0.090,5000,30,2,0,2
0.090,5000,50,2,4,1
0.090,5000,100,2,4,1
0.090,5000,150,12,5,1
0.090,5000,200,15,4,2
0.090,5000,250,16,2,2
0.090,6000,30,4,4,3
0.090,6000,50,2,4,1
0.090,6000,100,2,6,2
0.090,6000,150,5,7,3
0.090,6000,200,17,13,4
0.090,6000,250,9,21,5
0.090,8000,30,1,0,6
0.090,8000,50,2,2,3
0.090,8000,100,1,5,6
0.090,8000,150,3,12,10
0.090,8050,30,1,2,14
0.090,8050,50,5,2,23
0.090,8050,100,3,4,26
0.090,8050,150,8,4,7
0.090,8050,200,13,5,10
0.100,100,30,0,0,22
0.100,100,50,5,0,30
0.100,100,100,9,3,38
0.100,100,150,13,4,50
0.100,100,200,9,5,9
0.100,100,250,17,14,17
0.100,200,30,2,1,31
0.100,200,50,3,4,47
0.100,200,100,7,3,54
0.100,200,150,3,8,1
0.100,200,200,15,10,12
0.100,200,250,8,15,14
0.100,300,30,0,3,23
0.100,300,50,3,2,47
0.100,300,100,3,5,1
0.100,300,150,5,7,5
0.100,300,200,4,13,14
0.100,300,250,8,15,20
0.100,500,30,0,0,45
0.100,500,50,1,5,1
0.100,500,100,7,7,1
0.100,500,150,4,15,1
0.100,500,200,9,13,18
0.100,500,250,9,14,750
0.100,1000,30,3,0,705
0.100,1000,50,5,1,842
0.100,1000,100,10,0,941
0.100,1000,150,9,5,1
0.100,1000,200,17,9,1
0.100,1000,250,9,15,792
0.100,3000,30,1,2,877
0.100,3000,50,4,6,1
0.100,3000,100,3,10,1
0.100,3000,150,7,9,1
0.100,3000,200,11,13,1
0.100,3000,250,14,14,839
0.100,5000,30,3,0,1
0.100,5000,50,5,0,1
0.100,5000,100,6,4,2
0.100,5000,150,16,4,1
0.100,5000,200,11,4,2
0.100,5000,250,18,11,1
0.100,6000,30,3,3,1
0.100,6000,50,0,4,1
0.100,6000,100,1,3,2
0.100,6000,150,9,6,3
0.100,6000,200,11,6,3
0.100,6000,250,16,13,1
0.100,8000,30,0,0,1
0.100,8000,50,4,5,3
0.100,8000,100,2,3,4
0.100,8000,150,6,13,5
0.100,8000,200,2,17,6
0.100,8050,30,3,0,3
0.100,8050,50,8,1,5
0.100,8050,100,3,4,10
0.100,8050,150,8,4,14
0.100,8050,200,18,2,19
0.150,100,30,2,1,23
0.150,100,50,5,4,6
0.150,100,100,9,7,11
0.150,100,150,12,9,23
0.150,100,200,27,6,28
0.150,100,250,37,18,41
0.150,200,30,5,3,53
0.150,200,50,5,3,10
0.150,200,100,6,5,14
0.150,200,150,14,10,25
0.150,200,200,19,12,39
0.150,200,250,22,15,52
0.150,300,30,0,4,1
0.150,300,50,0,4,4
0.150,300,100,10,9,14
0.150,300,150,6,14,22
0.150,300,200,9,27,41
0.150,300,250,16,20,1
0.150,500,30,1,1,6
0.150,500,50,3,6,1
0.150,500,100,9,5,19
0.150,500,150,4,11,13
0.150,500,200,17,20,21
0.150,500,250,7,17,39
0.150,1000,30,2,1,1
0.150,1000,50,3,5,1
0.150,1000,100,12,3,15
0.150,1000,150,17,6,695
0.150,1000,200,23,8,737
0.150,1000,250,26,10,825
0.150,3000,30,4,1,904
0.150,3000,50,6,5,1
0.150,3000,100,9,6,1
0.150,3000,150,9,9,733
0.150,3000,200,15,17,831
0.150,3000,250,14,20,1
0.150,5000,30,3,3,1
0.150,5000,50,5,2,1
0.150,5000,100,17,4,1
0.150,5000,150,17,4,913
0.150,5000,200,16,8,1
0.150,5000,250,24,11,1
0.150,6000,30,3,1,1
0.150,6000,50,5,1,1
0.150,6000,100,10,7,2
0.150,6000,150,17,13,1
0.150,6000,200,19,8,1
0.150,6000,250,16,15,1
0.150,8000,30,0,3,2
0.150,8000,50,6,4,2
0.150,8000,100,5,14,3
0.150,8000,150,7,12,1
0.150,8000,200,6,18,1
0.150,8050,30,3,3,3
0.150,8050,50,10,1,4
0.150,8050,100,10,3,5
0.150,8050,150,21,6,6
0.001,100,30,0,0,3
0.001,100,50,0,0,5
0.001,100,100,0,0,11
0.001,100,150,0,0,15
0.001,100,200,0,0,18
0.001,100,250,0,0,23
0.001,200,30,0,0,7
0.001,200,50,0,0,10
0.001,200,100,1,0,21
0.001,200,150,0,0,31
0.001,200,200,0,0,43
0.001,200,250,0,0,54
0.001,300,30,0,0,10
0.001,300,50,0,0,14
0.001,300,100,0,0,26
0.001,300,150,0,0,46
0.001,300,200,0,0,59
0.001,300,250,0,0,1
0.001,500,30,0,0,10
0.001,500,50,0,0,15
0.001,500,100,0,0,22
0.001,500,150,1,0,43
0.001,500,200,0,0,1
0.001,500,250,0,0,5
0.001,1000,30,0,0,1
0.001,1000,50,0,0,29
0.001,1000,100,1,0,14
0.001,1000,150,7,0,18
0.001,1000,200,2,0,41
0.001,1000,250,4,0,57
0.001,3000,30,0,0,700
0.001,3000,50,0,0,746
0.001,3000,100,1,0,775
0.001,3000,150,0,0,976
0.001,3000,200,0,0,1
0.001,3000,250,1,0,1
0.001,5000,30,0,0,705
0.001,5000,50,0,0,799
0.001,5000,100,1,0,1
0.001,5000,150,1,0,1
0.001,5000,200,1,0,1
0.001,5000,250,0,0,1
0.001,6000,30,0,0,853
0.001,6000,50,0,0,969
0.001,6000,100,0,0,1
0.001,6000,150,1,0,1
0.001,6000,200,0,0,1
0.001,6000,250,1,0,2
0.001,8000,30,0,1,969
0.001,8000,50,0,0,1
0.001,8000,100,0,0,2
0.001,8000,150,0,0,2
0.001,8050,30,0,0,2
0.001,8050,50,0,0,3
0.001,8050,100,0,0,1
0.001,8050,150,0,0,1
0.001,8050,200,0,0,3
0.010,100,30,0,0,4
0.010,100,50,0,0,5
0.010,100,100,0,1,6
0.010,100,150,0,0,3
0.010,100,200,2,1,6
0.010,100,250,2,2,10
0.010,200,30,0,0,16
0.010,200,50,0,0,17
0.010,200,100,0,0,24
0.010,200,150,3,1,7
0.010,200,200,0,2,10
0.010,200,250,0,2,19
0.010,300,30,0,0,30
0.010,300,50,0,0,39
0.010,300,100,0,0,54
0.010,300,150,0,2,10
0.010,300,200,1,1,13
0.010,300,250,0,1,27
0.010,500,30,0,0,39
0.010,500,50,0,0,53
0.010,500,100,0,2,1
0.010,500,150,1,1,7
0.010,500,200,0,1,12
0.010,500,250,0,1,20
0.010,1000,30,0,0,48
0.010,1000,50,1,0,1
0.010,1000,100,2,0,5
0.010,1000,150,2,1,13
0.010,1000,200,3,1,19
0.010,1000,250,1,3,38
0.010,3000,30,0,0,59
0.010,3000,50,0,2,1
0.010,3000,100,0,0,15
0.010,3000,150,0,1,735
0.010,3000,200,1,0,662
0.010,3000,250,0,2,804
0.010,5000,30,1,0,970
0.010,5000,50,0,0,1
0.010,5000,100,0,1,1
0.010,5000,150,0,0,779
0.010,5000,200,3,0,833
0.010,5000,250,1,2,1
0.010,6000,30,0,0,1
0.010,6000,50,0,1,1
0.010,6000,100,0,0,1
0.010,6000,150,0,2,835
0.010,6000,200,1,3,969
0.010,6000,250,1,1,1
0.010,8000,30,0,0,1
0.010,8000,50,0,0,2
0.010,8000,100,0,3,2
0.010,8000,150,0,1,1
0.010,8050,30,0,0,1
0.010,8050,50,0,0,1
0.010,8050,100,1,0,2
0.010,8050,150,5,0,2
0.030,100,30,0,0,3
0.030,100,50,1,2,1
0.030,100,100,1,3,2
0.030,100,150,1,2,3
0.030,100,200,3,3,4
0.030,100,250,2,4,5
0.030,200,30,0,0,6
0.030,200,50,0,1,3
0.030,200,100,1,1,5
0.030,200,150,5,5,10
0.030,200,200,1,1,14
0.030,200,250,2,4,16
0.030,300,30,0,1,23
0.030,300,50,1,0,7
0.030,300,100,0,2,11
0.030,300,150,0,2,21
0.030,300,200,0,7,28
0.030,300,250,0,6,38
0.030,500,30,0,0,46
0.030,500,50,1,2,9
0.030,500,100,0,2,16
0.030,500,150,0,6,24
0.030,500,200,0,1,41
0.030,500,250,0,10,55
0.030,1000,30,0,0,1
0.030,1000,50,1,1,3
0.030,1000,100,1,3,14
0.030,1000,150,4,2,25
0.030,1000,200,9,1,43
0.030,1000,250,5,4,1
0.030,3000,30,1,1,5
0.030,3000,50,0,1,12
0.030,3000,100,2,3,21
0.030,3000,150,0,0,38
0.030,3000,200,4,1,59
0.030,3000,250,2,3,699
0.030,5000,30,0,0,718
0.030,5000,50,0,0,803
0.030,5000,100,2,0,919
0.030,5000,150,3,1,1
0.030,5000,200,5,0,1
0.030,5000,250,4,3,771
0.030,6000,30,0,0,889
0.030,6000,50,0,1,1
0.030,6000,100,3,0,1
0.030,6000,150,4,4,1
0.030,6000,200,2,1,1
0.030,6000,250,1,4,842
0.030,8000,30,0,2,1
0.030,8000,50,2,2,1
0.030,8000,100,0,1,1
0.030,8000,150,0,4,1
0.030,8050,30,2,0,2
0.030,8050,50,1,0,1
0.030,8050,100,2,2,1
0.030,8050,150,2,3,1
0.030,8050,200,4,3,2
0.050,100,30,0,0,2
0.050,100,50,3,3,3
0.050,100,100,3,2,1
0.050,100,150,9,1,1
0.050,100,200,13,5,3
0.050,100,250,5,4,4
0.050,200,30,0,1,5
0.050,200,50,1,3,6
0.050,200,100,4,3,3
0.050,200,150,3,4,5
0.050,200,200,4,5,10
0.050,200,250,8,9,13
0.050,300,30,0,0,21
0.050,300,50,0,0,25
0.050,300,100,3,3,6
0.050,300,150,0,5,10
0.050,300,200,2,12,22
0.050,300,250,1,13,27
0.050,500,30,2,1,41
0.050,500,50,0,0,51
0.050,500,100,2,6,9
0.050,500,150,2,4,14
0.050,500,200,1,5,30
0.050,500,250,1,13,42
0.050,1000,30,3,1,52
0.050,1000,50,4,0,1
0.050,1000,100,2,1,10
0.050,1000,150,7,5,17
0.050,1000,200,9,4,20
0.050,1000,250,6,3,43
0.050,3000,30,2,0,1
0.050,3000,50,7,1,7
0.050,3000,100,3,1,14
0.050,3000,150,1,7,17
0.050,3000,200,3,3,38
0.050,3000,250,7,5,1
0.050,5000,30,1,0,2
0.050,5000,50,0,0,1
0.050,5000,100,1,1,16
0.050,5000,150,1,1,696
0.050,5000,200,5,1,751
0.050,5000,250,12,5,810
0.050,6000,30,1,1,930
0.050,6000,50,2,2,1
0.050,6000,100,1,1,1
0.050,6000,150,2,4,782
0.050,6000,200,4,8,858
0.050,6000,250,3,14,1
0.050,8000,30,0,0,1
0.050,8000,50,0,3,1
0.050,8000,100,0,5,1
0.050,8000,150,0,7,853
0.050,8000,200,1,2,1
0.050,8050,30,1,0,1
0.050,8050,50,1,4,1
0.050,8050,100,4,2,2
0.050,8050,150,8,2,2
0.070,100,30,4,0,1
0.070,100,50,2,2,1
0.070,100,100,1,3,1
0.070,100,150,8,3,2
0.070,100,200,4,6,2
0.070,100,250,10,9,3
0.070,200,30,0,1,1
0.070,200,50,7,2,1
0.070,200,100,3,4,3
0.070,200,150,7,8,4
0.070,200,200,5,4,5
0.070,200,250,7,5,6
0.070,300,30,0,3,3
0.070,300,50,0,2,5
0.070,300,100,0,4,9
0.070,300,150,3,9,15
0.070,300,200,9,10,18
0.070,300,250,4,10,22
0.070,500,30,0,1,7
0.070,500,50,0,3,10
0.070,500,100,2,7,18
0.070,500,150,5,11,28
0.070,500,200,8,17,43
0.070,500,250,1,7,49
0.070,1000,30,2,3,9
0.070,1000,50,4,0,15
0.070,1000,100,5,0,28
0.070,1000,150,5,6,41
0.070,1000,200,20,6,57
0.070,1000,250,17,11,1
0.070,3000,30,0,1,10
0.070,3000,50,0,0,14
0.070,3000,100,2,3,20
0.070,3000,150,8,4,33
0.070,3000,200,2,7,1
0.070,3000,250,7,5,9
0.070,5000,30,0,0,1
0.070,5000,50,2,0,28
0.070,5000,100,3,3,13
0.070,5000,150,8,4,20
0.070,5000,200,11,7,37
0.070,5000,250,13,2,55
0.070,6000,30,0,1,681
0.070,6000,50,2,4,683
0.070,6000,100,0,4,851
0.070,6000,150,4,8,909
0.070,6000,200,5,11,1
0.070,8000,30,0,2,1
0.070,8000,50,0,2,734
0.070,8000,100,1,6,821
0.070,8000,150,6,13,1
0.070,8000,200,5,6,1
0.070,8050,30,0,1,1
0.070,8050,50,2,0,1
0.070,8050,100,5,2,816
0.070,8050,150,6,3,953
0.070,8050,200,9,7,1
0.080,100,30,2,1,1
0.080,100,50,1,4,2
0.080,100,100,5,5,2
0.080,100,150,6,3,1
0.080,100,200,16,3,1
0.080,100,250,16,7,1
0.080,200,30,0,2,2
0.080,200,50,7,1,3
0.080,200,100,1,4,3
0.080,200,150,7,4,1
0.080,200,200,3,10,2
0.080,200,250,5,11,3
0.080,300,30,0,1,4
0.080,300,50,0,5,6
0.080,300,100,0,5,6
0.080,300,150,1,8,3
0.080,300,200,6,9,5
0.080,300,250,6,14,10
0.080,500,30,1,3,15
0.080,500,50,0,3,20
0.080,500,100,4,5,23
0.080,500,150,4,11,7
0.080,500,200,2,7,12
0.080,500,250,6,8,22
0.080,1000,30,1,0,28
0.080,1000,50,11,2,41
0.080,1000,100,4,3,48
0.080,1000,150,8,6,10
0.080,1000,200,6,8,15
0.080,1000,250,13,10,27
0.080,3000,30,0,2,44
0.080,3000,50,0,2,57
0.080,3000,100,8,4,11
0.080,3000,150,7,4,23
0.080,3000,200,6,10,39
0.080,3000,250,16,8,1
0.080,5000,30,1,1,1
0.080,5000,50,1,3,1
0.080,5000,100,6,4,33
0.080,5000,150,11,5,12
0.080,5000,200,12,2,21
0.080,5000,250,21,4,40
0.080,6000,30,1,2,54
0.080,6000,50,2,1,1
0.080,6000,100,2,6,4
0.080,6000,150,3,4,705
0.080,6000,200,1,9,716
0.080,8000,30,0,2,804
0.080,8000,50,0,5,976
0.080,8000,100,2,3,1
0.080,8000,150,7,8,1
0.080,8050,30,3,1,722
0.080,8050,50,1,0,901
0.080,8050,100,4,4,1
0.080,8050,150,6,9,1
0.090,100,30,3,0,1
0.090,100,50,4,1,2
0.090,100,100,6,2,855
0.090,100,150,8,5,992
0.090,100,200,17,7,1
0.090,100,250,9,11,1
0.090,200,30,4,2,1
0.090,200,50,2,1,2
0.090,200,100,12,5,1
0.090,200,150,7,10,1
0.090,200,200,5,11,2
0.090,200,250,18,9,2
0.090,300,30,0,2,3
0.090,300,50,3,2,3
0.090,300,100,3,5,1
0.090,300,150,5,6,2
0.090,300,200,5,15,3
0.090,300,250,0,18,4
0.090,500,30,0,2,5
0.090,500,50,3,1,6
0.090,500,100,3,3,4
0.090,500,150,5,8,5
0.090,500,200,6,20,10
0.090,500,250,4,13,16
0.090,1000,30,0,1,22
0.090,1000,50,4,1,26
0.090,1000,100,5,3,7
0.090,1000,150,15,2,11
0.090,1000,200,18,7,21
0.090,1000,250,10,11,31
0.090,3000,30,0,0,39
0.090,3000,50,2,3,51
0.090,3000,100,5,2,9
0.090,3000,150,6,4,15
0.090,3000,200,12,14,28
0.090,3000,250,13,12,40
0.090,5000,30,1,1,1
0.090,5000,50,2,3,1
0.090,5000,100,6,4,13
0.090,5000,150,5,7,24
0.090,5000,200,12,9,39
0.090,5000,250,19,6,1
0.090,6000,30,3,1,4
0.090,6000,50,5,2,13
0.090,6000,100,5,2,21
0.090,6000,150,6,9,46
0.090,6000,200,11,8,59
0.090,6000,250,6,12,733
0.090,8000,30,1,0,700
0.090,8000,50,0,4,811
0.090,8000,100,3,10,956
0.090,8000,150,1,12,1
0.090,8000,200,3,19,1
0.090,8050,30,3,1,783
0.090,8050,50,2,5,836
0.090,8050,100,5,1,1
0.090,8050,150,7,3,1
0.090,8050,200,8,8,1
0.100,100,30,1,1,1
0.100,100,50,1,0,904
0.100,100,100,5,3,977
0.100,100,150,4,5,1
0.100,100,200,7,11,1
0.100,100,250,18,8,2
0.100,200,30,3,3,2
0.100,200,50,6,0,994
0.100,200,100,1,8,1
0.100,200,150,11,6,1
0.100,200,200,10,10,2
0.100,200,250,12,16,3
0.100,300,30,0,3,3
0.100,300,50,1,5,1
0.100,300,100,0,6,1
0.100,300,150,8,7,3
0.100,300,200,9,15,4
0.100,300,250,4,13,6
0.100,500,30,0,1,6
0.100,500,50,0,1,3
0.100,500,100,2,10,6
0.100,500,150,6,11,11
0.100,500,200,5,12,15
0.100,500,250,11,17,22
0.100,1000,30,1,1,22
0.100,1000,50,6,3,6
0.100,1000,100,12,0,10
0.100,1000,150,12,9,21
0.100,1000,200,14,7,30
0.100,1000,250,21,5,37
0.100,3000,30,4,0,52
0.100,3000,50,3,0,9
0.100,3000,100,2,4,14
0.100,3000,150,5,8,29
0.100,3000,200,7,9,38
0.100,3000,250,13,10,54
0.100,5000,30,2,1,1
0.100,5000,50,2,0,11
0.100,5000,100,8,4,14
0.100,5000,150,14,5,21
0.100,5000,200,15,7,43
0.100,5000,250,12,6,1
0.100,6000,30,0,1,5
0.100,6000,50,1,1,1
0.100,6000,100,9,1,26
0.100,6000,150,7,2,13
0.100,6000,200,8,9,22
0.100,8000,30,0,6,40
0.100,8000,50,1,3,1
0.100,8000,100,2,10,1
0.100,8000,150,5,11,17
0.100,8000,200,6,16,676
0.100,8050,30,0,0,689
0.100,8050,50,5,1,842
0.100,8050,100,8,5,916
0.100,8050,150,2,2,1
0.100,8050,200,18,8,1
0.150,100,30,4,3,760
0.150,100,50,4,4,860
0.150,100,100,7,3,1
0.150,100,150,17,8,1
0.150,100,200,25,8,1
0.150,100,250,19,9,1
0.150,200,30,0,4,838
0.150,200,50,4,2,989
0.150,200,100,7,3,1
0.150,200,150,12,8,1
0.150,200,200,22,7,1
0.150,200,250,23,13,2
0.150,300,30,0,4,1
0.150,300,50,1,6,1
0.150,300,100,5,14,1
0.150,300,150,6,14,2
0.150,300,200,10,10,3
0.150,300,250,17,21,3
0.150,500,30,0,5,1
0.150,500,50,3,7,1
0.150,500,100,6,8,2
0.150,500,150,14,10,4
0.150,500,200,14,14,5
0.150,500,250,25,28,6
0.150,1000,30,3,1,3
0.150,1000,50,4,5,5
0.150,1000,100,5,4,10
0.150,1000,150,16,8,15
0.150,1000,200,16,12,20
0.150,1000,250,34,7,25
0.150,3000,30,1,0,7
0.150,3000,50,3,1,9
0.150,3000,100,18,5,20
0.150,3000,150,11,5,29
0.150,3000,200,9,16,42
0.150,3000,250,18,20,53
0.150,5000,30,4,3,9
0.150,5000,50,8,3,15
0.150,5000,100,18,2,28
0.150,5000,150,14,10,38
0.150,5000,200,20,10,52
0.150,5000,250,36,7,15
0.150,6000,30,2,3,24
0.150,6000,50,2,4,42
0.150,6000,100,2,5,1
0.150,6000,150,12,10,11
0.150,6000,200,11,19,1
0.150,6000,250,18,24,27
0.150,8000,30,1,0,13
0.150,8000,50,3,4,21
0.150,8000,100,8,6,39
0.150,8000,150,10,15,1
0.150,8050,30,6,0,2
0.150,8050,50,3,0,1
0.150,8050,100,8,5,23
0.150,8050,150,13,4,689
0.150,8050,200,15,11,680
0.001,100,30,0,0,780
0.001,100,50,0,0,981
0.001,100,100,0,0,1
0.001,100,150,0,0,1
0.001,100,200,0,1,734
0.001,100,250,0,0,823
0.001,200,30,0,0,1
0.001,200,50,0,0,1
0.001,200,100,0,0,1
0.001,200,150,1,0,1
0.001,200,200,0,0,846
0.001,200,250,0,0,989
0.001,300,30,0,1,1
0.001,300,50,0,0,1
0.001,300,100,0,0,1
0.001,300,150,0,0,2
0.001,300,200,0,1,1
0.001,300,250,0,0,1
0.001,500,30,0,0,1
0.001,500,50,0,0,2
0.001,500,100,0,0,2
0.001,500,150,0,0,3
0.001,500,200,0,0,1
0.001,500,250,0,0,1
0.001,1000,30,0,0,2
0.001,1000,50,0,0,4
0.001,1000,100,3,0,5
0.001,1000,150,1,0,6
0.001,1000,200,2,1,4
0.001,1000,250,3,0,5
0.001,3000,30,1,0,11
0.001,3000,50,1,0,14
0.001,3000,100,0,0,21
0.001,3000,150,0,0,26
0.001,3000,200,2,0,7
0.001,3000,250,1,1,11
0.001,5000,30,0,0,22
0.001,5000,50,0,0,31
0.001,5000,100,1,0,37
0.001,5000,150,0,0,48
0.001,5000,200,1,0,11
0.001,5000,250,1,0,15
0.001,6000,30,0,0,23
0.001,6000,50,0,0,43
0.001,6000,100,0,0,58
0.001,6000,150,0,1,1
0.001,6000,200,0,1,7
0.001,8000,30,0,0,15
0.001,8000,50,0,0,19
0.001,8000,100,0,0,40
0.001,8000,150,0,0,1
0.001,8000,200,0,0,16
0.001,8050,30,0,0,22
0.001,8050,50,0,0,42
0.001,8050,100,0,0,1
0.001,8050,150,0,0,2
0.001,8050,200,0,0,1
0.010,100,30,0,1,18
0.010,100,50,0,0,673
0.010,100,100,0,0,682
0.010,100,150,1,0,791
0.010,100,200,5,1,892
0.010,100,250,3,2,1
0.010,200,30,0,0,1
0.010,200,50,0,0,770
0.010,200,100,1,1,847
0.010,200,150,0,1,1
0.010,200,200,2,0,1
0.010,200,250,1,0,1
0.010,300,30,0,0,1
0.010,300,50,0,1,820
0.010,300,100,0,1,948
0.010,300,150,0,2,1
0.010,300,200,1,1,1
0.010,300,250,0,3,1
0.010,500,30,0,0,2
0.010,500,50,0,0,972
0.010,500,100,0,1,1
0.010,500,150,0,0,1
0.010,500,200,0,1,2
0.010,500,250,0,1,3
0.010,1000,30,0,0,3
0.010,1000,50,1,0,1
0.010,1000,100,1,0,1
0.010,1000,150,1,0,3
0.010,1000,200,7,2,4
0.010,1000,250,4,1,5
0.010,3000,30,0,0,6
0.010,3000,50,1,0,3
0.010,3000,100,3,0,5
0.010,3000,150,1,1,10
0.010,3000,200,1,1,14
0.010,3000,250,1,1,21
0.010,5000,30,0,0,23
0.010,5000,50,1,0,7
0.010,5000,100,2,0,10
0.010,5000,150,1,0,20
0.010,5000,200,1,0,30
0.010,5000,250,1,1,39
0.010,6000,30,0,0,47
0.010,6000,50,0,0,9
0.010,6000,100,1,1,15
0.010,6000,150,0,1,29
0.010,6000,200,0,1,39
0.010,6000,250,1,1,52
0.010,8000,30,0,0,16
0.010,8000,50,0,0,22
0.010,8000,100,0,1,48
0.010,8000,150,0,0,1
0.010,8000,200,0,1,9
0.010,8050,30,1,0,1
0.010,8050,50,0,0,27
0.010,8050,100,1,0,16
0.010,8050,150,2,0,21
0.010,8050,200,4,0,40
0.030,100,30,0,1,59
0.030,100,50,0,0,1
0.030,100,100,0,0,19
0.030,100,150,0,3,676
0.030,100,200,2,1,693
0.030,100,250,4,5,845
0.030,200,30,1,1,979
0.030,200,50,0,3,1
0.030,200,100,1,0,1
0.030,200,150,2,2,721
0.030,200,200,5,2,915
0.030,200,250,5,6,1
0.030,300,30,0,0,1
0.030,300,50,0,0,1
0.030,300,100,0,2,1
0.030,300,150,0,6,896
0.030,300,200,0,3,957
0.030,300,250,3,6,1
0.030,500,30,0,0,1
0.030,500,50,0,0,1
0.030,500,100,0,2,2
0.030,500,150,1,5,1
0.030,500,200,1,3,1
0.030,500,250,0,6,2
0.030,1000,30,1,0,2
0.030,1000,50,1,1,2
0.030,1000,100,2,1,3
0.030,1000,150,2,1,1
0.030,1000,200,3,3,1
0.030,1000,250,9,2,2
0.030,3000,30,0,0,4
0.030,3000,50,1,0,6
0.030,3000,100,2,1,6
0.030,3000,150,1,7,3
0.030,3000,200,3,3,5
0.030,3000,250,2,4,10
0.030,5000,30,1,0,17
0.030,5000,50,0,2,18
0.030,5000,100,2,0,23
0.030,5000,150,1,2,7
0.030,5000,200,2,2,12
0.030,5000,250,8,4,20
0.030,6000,30,0,1,28
0.030,6000,50,0,0,36
0.030,6000,100,1,3,50
0.030,6000,150,2,3,9
0.030,6000,200,3,4,13
0.030,6000,250,0,5,29
0.030,8000,30,0,1,38
0.030,8000,50,0,0,56
0.030,8000,100,0,0,1
0.030,8000,150,1,6,4
0.030,8000,200,1,3,15
0.030,8050,30,1,0,22
0.030,8050,50,1,2,44
0.030,8050,100,5,0,56
0.030,8050,150,5,1,1
0.030,8050,200,7,2,20
0.050,100,30,0,3,14
0.050,100,50,4,1,21
0.050,100,100,3,2,37
0.050,100,150,3,4,56
0.050,100,200,6,4,1
0.050,100,250,8,3,14
0.050,200,30,2,0,710
0.050,200,50,0,2,780
0.050,200,100,1,0,791
0.050,200,150,1,1,943
0.050,200,200,2,5,1
0.050,200,250,10,4,1
0.050,300,30,2,0,714
0.050,300,50,0,3,904
0.050,300,100,3,5,1
0.050,300,150,3,5,1
0.050,300,200,4,7,1
0.050,300,250,0,8,1
0.050,500,30,1,0,814
0.050,500,50,0,1,1
0.050,500,100,0,4,1
0.050,500,150,4,6,1
0.050,500,200,4,6,1
0.050,500,250,5,7,2
0.050,1000,30,1,0,1
0.050,1000,50,1,3,1
0.050,1000,100,8,0,1
0.050,1000,150,6,4,2
0.050,1000,200,2,2,3
0.050,1000,250,10,2,3
0.050,3000,30,1,0,1
0.050,3000,50,3,0,1
0.050,3000,100,2,2,3
0.050,3000,150,4,2,4
0.050,3000,200,5,4,5
0.050,3000,250,10,11,6
0.050,5000,30,0,0,4
0.050,5000,50,1,0,5
0.050,5000,100,5,0,10
0.050,5000,150,5,4,14
0.050,5000,200,6,8,20
0.050,5000,250,9,2,26
0.050,6000,30,0,0,7
0.050,6000,50,1,0,11
0.050,6000,100,0,1,20
0.050,6000,150,1,3,31
0.050,6000,200,7,6,42
0.050,6000,250,0,7,51
0.050,8000,30,0,2,9
0.050,8000,50,0,2,16
0.050,8000,100,0,4,27
0.050,8000,150,0,7,43
0.050,8000,200,3,6,1
0.050,8050,30,1,1,1
0.050,8050,50,1,0,4
0.050,8050,100,3,0,13
0.050,8050,150,9,3,23
0.050,8050,200,7,3,44
0.070,100,30,1,0,1
0.070,100,50,1,1,9
0.070,100,100,2,1,1
0.070,100,150,11,3,29
0.070,100,200,4,5,13
0.070,100,250,8,6,17
0.070,200,30,1,1,34
0.070,200,50,0,0,56
0.070,200,100,5,1,1
0.070,200,150,11,0,20
0.070,200,200,6,9,671
0.070,200,250,18,9,681
0.070,300,30,1,1,845
0.070,300,50,0,0,990
0.070,300,100,1,5,1
0.070,300,150,1,12,1
0.070,300,200,2,6,782
0.070,300,250,2,20,845
0.070,500,30,0,1,1
0.070,500,50,1,4,1
0.070,500,100,5,6,1
0.070,500,150,0,6,1
0.070,500,200,6,6,887
0.070,500,250,5,19,979
0.070,1000,30,0,0,1
0.070,1000,50,1,0,1
0.070,1000,100,3,2,2
0.070,1000,150,8,5,2
0.070,1000,200,5,6,1
0.070,1000,250,16,9,1
0.070,3000,30,0,1,1
0.070,3000,50,5,0,2
0.070,3000,100,3,4,3
0.070,3000,150,4,4,3
0.070,3000,200,4,10,1
0.070,3000,250,12,12,2
0.070,5000,30,5,1,3
0.070,5000,50,1,4,4
0.070,5000,100,9,1,5
0.070,5000,150,4,4,6
0.070,5000,200,10,5,3
0.070,5000,250,14,5,6
0.070,6000,30,1,4,10
0.070,6000,50,2,2,15
0.070,6000,100,4,3,19
0.070,6000,150,5,10,25
0.070,6000,200,4,7,7
0.070,8000,30,3,2,10
0.070,8000,50,0,2,20
0.070,8000,100,0,4,30
0.070,8000,150,2,5,43
0.070,8050,30,0,0,50
0.070,8050,50,2,1,10
0.070,8050,100,6,1,14
0.070,8050,150,6,4,30
0.080,100,30,6,0,39
0.080,100,50,1,3,54
0.080,100,100,2,3,1
0.080,100,150,6,4,4
0.080,100,200,12,9,14
0.080,100,250,6,7,23
0.080,200,30,1,2,43
0.080,200,50,1,5,1
0.080,200,100,6,0,4
0.080,200,150,12,5,1
0.080,200,200,7,6,22
0.080,200,250,6,13,14
0.080,300,30,0,1,21
0.080,300,50,2,2,37
0.080,300,100,5,8,56
0.080,300,150,1,10,1
0.080,300,200,2,8,21
0.080,300,250,4,20,694
0.080,500,30,0,3,745
0.080,500,50,1,4,794
0.080,500,100,0,9,908
0.080,500,150,1,10,997
0.080,500,200,5,14,1
0.080,500,250,14,12,886
0.080,1000,30,2,0,801
0.080,1000,50,1,4,1
0.080,1000,100,4,1,1
0.080,1000,150,7,5,1
0.080,1000,200,6,9,1
0.080,1000,250,22,4,832
0.080,3000,30,1,2,992
0.080,3000,50,5,3,1
0.080,3000,100,3,5,1
0.080,3000,150,9,2,1
0.080,3000,200,6,9,2
0.080,3000,250,17,9,1
0.080,5000,30,2,0,1
0.080,5000,50,1,0,1
0.080,5000,100,9,4,2
0.080,5000,150,7,3,2
0.080,5000,200,4,7,3
0.080,5000,250,24,4,1
0.080,6000,30,1,2,1
0.080,6000,50,0,1,3
0.080,6000,100,4,4,4
0.080,6000,150,4,10,5
0.080,6000,200,11,10,7
0.080,6000,250,21,8,4
0.080,8000,30,0,3,6
0.080,8000,50,2,4,10
0.080,8000,100,3,9,15
0.080,8000,150,2,11,19
0.080,8000,200,4,14,28
0.080,8050,30,3,0,8
0.080,8050,50,1,3,11
0.080,8050,100,12,3,18
0.080,8050,150,11,3,31
0.080,8050,200,8,2,38
0.090,100,30,1,1,47
0.090,100,50,6,0,9
0.090,100,100,7,4,15
0.090,100,150,2,6,30
0.090,100,200,8,9,43
0.090,100,250,16,15,1
0.090,200,30,1,2,1
0.090,200,50,4,3,14
0.090,200,100,12,3,24
0.090,200,150,10,6,46
0.090,200,200,14,6,1
0.090,200,250,8,15,4
0.090,300,30,2,2,13
0.090,300,50,0,1,23
0.090,300,100,3,8,36
0.090,300,150,2,10,59
0.090,300,200,3,13,737
0.090,300,250,4,8,692
0.090,500,30,2,2,859
0.090,500,50,0,1,972
0.090,500,100,2,12,1
0.090,500,150,9,4,1
0.090,500,200,12,10,733
0.090,500,250,6,17,830
0.090,1000,30,0,0,1
0.090,1000,50,5,0,1
0.090,1000,100,2,3,1
0.090,1000,150,3,6,1
0.090,1000,200,20,2,812
0.090,1000,250,21,10,963
0.090,3000,30,1,0,1
0.090,3000,50,6,1,1
0.090,3000,100,3,11,2
0.090,3000,150,7,13,2
0.090,3000,200,7,8,984
0.090,3000,250,13,19,1
0.090,5000,30,1,0,2
0.090,5000,50,2,2,2
0.090,5000,100,3,1,3
0.090,5000,150,5,6,3
0.090,5000,200,21,7,1
0.090,5000,250,15,10,1
0.090,6000,30,1,0,3
0.090,6000,50,0,3,4
0.090,6000,100,3,3,5
0.090,6000,150,3,8,6
0.090,6000,200,9,9,3
0.090,8000,30,2,2,5
0.090,8000,50,1,6,9
0.090,8000,100,7,7,15
0.090,8000,150,0,10,20
0.090,8050,30,3,1,24
0.090,8050,50,2,2,7
0.090,8050,100,5,0,11
0.090,8050,150,20,4,22
0.090,8050,200,16,4,31
0.100,100,30,4,1,40
0.100,100,50,0,2,46
0.100,100,100,4,1,10
0.100,100,150,11,6,16
0.100,100,200,10,4,26
0.100,100,250,18,9,46
0.100,200,30,1,3,53
0.100,200,50,1,6,1
0.100,200,100,5,4,13
0.100,200,150,7,7,14
0.100,200,200,11,9,24
0.100,200,250,12,7,43
0.100,300,30,5,2,1
0.100,300,50,0,4,1
0.100,300,100,0,7,1
0.100,300,150,4,13,25
0.100,300,200,0,13,12
0.100,300,250,4,18,21
0.100,500,30,1,1,43
0.100,500,50,0,2,1
0.100,500,100,1,10,1
0.100,500,150,8,6,1
0.100,500,200,7,15,20
0.100,500,250,6,13,759
0.100,1000,30,2,1,724
0.100,1000,50,2,2,785
0.100,1000,100,4,5,951
0.100,1000,150,15,5,1
0.100,1000,200,18,6,1
0.100,1000,250,17,9,858
0.100,3000,30,3,1,901
0.100,3000,50,8,4,1
0.100,3000,100,8,7,1
0.100,3000,150,9,4,1
0.100,3000,200,12,9,1
0.100,3000,250,16,9,837
0.100,5000,30,1,2,1
0.100,5000,50,5,0,1
0.100,5000,100,10,1,1
0.100,5000,150,15,3,1
0.100,5000,200,15,8,2
0.100,5000,250,24,4,999
0.100,6000,30,1,3,1
0.100,6000,50,2,7,1
0.100,6000,100,4,4,2
0.100,6000,150,7,12,2
0.100,6000,200,8,10,3
0.100,6000,250,11,15,1
0.100,8000,30,2,2,2
0.100,8000,50,0,3,3
0.100,8000,100,6,6,4
0.100,8000,150,4,12,5
0.100,8000,200,1,20,6
0.100,8050,30,0,1,3
0.100,8050,50,6,3,6
0.100,8050,100,3,1,10
0.100,8050,150,7,4,15
0.100,8050,200,14,8,19
0.150,100,30,2,1,26
0.150,100,50,9,3,7
0.150,100,100,11,5,11
0.150,100,150,13,7,20
0.150,100,200,16,11,28
0.150,100,250,28,14,40
0.150,200,30,4,0,48
0.150,200,50,5,1,10
0.150,200,100,10,5,13
0.150,200,150,12,6,26
0.150,200,200,25,17,42
0.150,200,250,15,17,54
0.150,300,30,4,2,15
0.150,300,50,7,3,23
0.150,300,100,6,4,39
0.150,300,150,8,12,1
0.150,300,200,8,14,6
0.150,300,250,8,30,13
0.150,500,30,2,1,24
0.150,500,50,8,3,40
0.150,500,100,4,8,1
0.150,500,150,7,14,12
0.150,500,200,2,19,1
0.150,500,250,20,19,16
0.150,1000,30,2,0,674
0.150,1000,50,5,1,740
0.150,1000,100,10,5,845
0.150,1000,150,22,6,948
0.150,1000,200,24,12,1
0.150,1000,250,19,16,1
0.150,3000,30,2,0,726
0.150,3000,50,4,3,918
0.150,3000,100,11,5,1
0.150,3000,150,17,7,1
0.150,3000,200,15,11,1
0.150,3000,250,20,13,1
0.150,5000,30,2,1,985
0.150,5000,50,3,1,1
0.150,5000,100,8,4,1
0.150,5000,150,26,7,1
0.150,5000,200,21,11,2
0.150,5000,250,40,7,2
0.150,6000,30,6,4,999
0.150,6000,50,1,4,1
0.150,6000,100,9,8,1
0.150,6000,150,11,14,2
0.150,6000,200,15,17,3
0.150,6000,250,9,15,3
0.150,8000,30,1,6,1
0.150,8000,50,2,4,2
0.150,8000,100,7,13,3
0.150,8000,150,7,12,4
0.150,8000,200,5,21,5
0.150,8050,30,7,0,6
0.150,8050,50,6,4,3
0.150,8050,100,7,6,5
0.150,8050,150,19,9,10
0.150,8050,200,16,6,14
0.001,100,30,0,0,20
0.001,100,50,0,0,26
0.001,100,100,0,0,7
0.001,100,150,0,0,10
0.001,100,200,0,0,22
0.001,100,250,0,0,32
0.001,200,30,0,0,40
0.001,200,50,0,0,48
0.001,200,100,1,0,9
0.001,200,150,0,0,16
0.001,200,200,0,0,28
0.001,200,250,0,0,43
0.001,300,30,0,0,59
0.001,300,50,0,0,1
0.001,300,100,0,0,13
0.001,300,150,0,0,15
0.001,300,200,0,0,21
0.001,300,250,0,0,45
0.001,500,30,0,0,1
0.001,500,50,0,0,9
0.001,500,100,0,0,1
0.001,500,150,0,0,19
0.001,500,200,0,0,14
0.001,500,250,0,0,20
0.001,1000,30,0,0,42
0.001,1000,50,0,0,58
0.001,1000,100,2,0,1
0.001,1000,150,1,0,19
0.001,1000,200,1,0,680
0.001,1000,250,1,0,804
0.001,3000,30,0,0,786
0.001,3000,50,0,0,888
0.001,3000,100,0,0,998
0.001,3000,150,3,0,1
0.001,3000,200,0,0,784
0.001,3000,250,0,0,846
0.001,5000,30,0,0,1
0.001,5000,50,0,0,1
0.001,5000,100,0,0,1
0.001,5000,150,0,0,1
0.001,5000,200,1,1,824
0.001,5000,250,0,0,981
0.001,6000,30,0,0,1
0.001,6000,50,1,0,1
0.001,6000,100,0,0,2
0.001,6000,150,0,0,2
0.001,6000,200,0,0,1
0.001,6000,250,0,1,1
0.001,8000,30,0,0,1
0.001,8000,50,0,0,2
0.001,8000,100,0,0,2
0.001,8000,150,0,1,3
0.001,8000,200,0,0,1
0.001,8050,30,0,0,2
0.001,8050,50,0,0,3
0.001,8050,100,0,0,5
0.001,8050,150,0,0,5
0.001,8050,200,0,0,7
0.010,100,30,0,0,3
0.010,100,50,1,0,5
0.010,100,100,0,0,11
0.010,100,150,0,0,15
0.010,100,200,0,1,20
0.010,100,250,1,0,24
0.010,200,30,0,1,7
0.010,200,50,0,0,10
0.010,200,100,0,0,20
0.010,200,150,1,1,29
0.010,200,200,1,0,41
0.010,200,250,2,0,50
0.010,300,30,0,0,9
0.010,300,50,0,0,13
0.010,300,100,0,1,29
0.010,300,150,0,1,40
0.010,300,200,0,3,47
0.010,300,250,0,1,1
0.010,500,30,0,0,6
0.010,500,50,0,1,15
0.010,500,100,0,1,23
0.010,500,150,1,4,43
0.010,500,200,0,3,59
0.010,500,250,0,4,1
0.010,1000,30,0,0,26
0.010,1000,50,0,0,13
0.010,1000,100,2,1,20
0.010,1000,150,1,2,42
0.010,1000,200,5,1,1
0.010,1000,250,4,1,2
0.010,3000,30,0,0,1
0.010,3000,50,0,0,18
0.010,3000,100,1,1,704
0.010,3000,150,0,0,671
0.010,3000,200,2,4,773
0.010,3000,250,0,1,890
0.010,5000,30,0,0,1
0.010,5000,50,0,0,1
0.010,5000,100,0,1,809
0.010,5000,150,2,0,826
0.010,5000,200,1,1,1
0.010,5000,250,1,2,1
0.010,6000,30,1,0,1
0.010,6000,50,1,0,1
0.010,6000,100,0,0,879
0.010,6000,150,0,1,1
0.010,6000,200,0,2,1
0.010,6000,250,0,3,1
0.010,8000,30,0,2,1
0.010,8000,50,0,1,2
0.010,8000,100,0,0,1
0.010,8000,150,0,0,1
0.010,8050,30,0,0,1
0.010,8050,50,0,0,2
0.010,8050,100,1,0,2
0.010,8050,150,0,1,3
0.010,8050,200,2,0,1
0.030,100,30,0,0,2
0.030,100,50,2,1,3
0.030,100,100,4,0,4
0.030,100,150,3,2,5
0.030,100,200,4,6,6
0.030,100,250,2,6,3
0.030,200,30,0,1,6
0.030,200,50,0,2,9
0.030,200,100,1,0,15
0.030,200,150,2,1,20
0.030,200,200,4,2,23
0.030,200,250,2,3,6
0.030,300,30,1,1,11
0.030,300,50,0,4,22
0.030,300,100,0,1,27
0.030,300,150,1,5,41
0.030,300,200,4,5,52
0.030,300,250,2,4,8
0.030,500,30,0,1,12
0.030,500,50,0,2,32
0.030,500,100,0,3,36
0.030,500,150,1,5,55
0.030,500,200,1,3,1
0.030,500,250,2,7,9
0.030,1000,30,2,0,14
0.030,1000,50,1,1,23
0.030,1000,100,5,1,44
0.030,1000,150,3,4,1
0.030,1000,200,5,1,3
0.030,1000,250,9,8,1
0.030,3000,30,0,0,18
0.030,3000,50,0,0,11
0.030,3000,100,1,4,25
0.030,3000,150,2,2,39
0.030,3000,200,5,4,1
0.030,3000,250,1,2,4
0.030,5000,30,0,2,1
0.030,5000,50,0,0,12
0.030,5000,100,2,3,683
0.030,5000,150,5,0,714
0.030,5000,200,6,2,769
0.030,5000,250,6,4,1
0.030,6000,30,0,2,1
0.030,6000,50,0,1,1
0.030,6000,100,5,0,722
0.030,6000,150,3,0,814
0.030,6000,200,4,4,1
0.030,8000,30,0,1,1
0.030,8000,50,0,2,1
0.030,8000,100,0,5,1
0.030,8000,150,0,5,892
0.030,8000,200,1,4,989
0.030,8050,30,0,0,1
0.030,8050,50,1,1,1
0.030,8050,100,1,1,1
0.030,8050,150,4,1,2
0.030,8050,200,4,1,1
0.050,100,30,1,0,1
0.050,100,50,1,0,1
0.050,100,100,2,0,2
0.050,100,150,7,2,2
0.050,100,200,7,3,3
0.050,100,250,6,5,1
0.050,200,30,1,1,1
0.050,200,50,2,0,3
0.050,200,100,1,5,4
0.050,200,150,3,2,5
0.050,200,200,8,9,6
0.050,200,250,7,5,3
0.050,300,30,0,0,5
0.050,300,50,0,2,11
0.050,300,100,1,0,15
0.050,300,150,0,4,21
0.050,300,200,2,6,24
0.050,300,250,1,17,7
0.050,500,30,1,1,10
0.050,500,50,1,3,20
0.050,500,100,2,4,31
0.050,500,150,2,4,39
0.050,500,200,2,6,48
0.050,500,250,1,10,9
0.050,1000,30,3,0,14
0.050,1000,50,1,0,25
0.050,1000,100,4,1,41
0.050,1000,150,4,1,54
0.050,1000,200,8,2,1
0.050,1000,250,9,5,5
0.050,3000,30,0,0,12
0.050,3000,50,1,1,22
0.050,3000,100,2,4,43
0.050,3000,150,6,5,59
0.050,3000,200,4,3,13
0.050,3000,250,6,5,18
0.050,5000,30,0,0,41
0.050,5000,50,1,1,53
0.050,5000,100,3,0,1
0.050,5000,150,4,3,14
0.050,5000,200,5,7,667
0.050,5000,250,10,4,742
0.050,6000,30,0,1,868
0.050,6000,50,0,1,1
0.050,6000,100,1,1,1
0.050,6000,150,2,3,1
0.050,6000,200,1,9,734
0.050,6000,250,3,9,922
0.050,8000,30,0,0,1
0.050,8000,50,2,3,1
0.050,8000,100,0,3,1
0.050,8000,150,1,9,1
0.050,8000,200,0,6,834
0.050,8050,30,1,1,1
0.050,8050,50,2,2,1
0.050,8050,100,1,3,2
0.050,8050,150,6,2,1
0.050,8050,200,7,9,2
0.070,100,30,1,0,977
0.070,100,50,2,2,1
0.070,100,100,9,1,1
0.070,100,150,6,6,2
0.070,100,200,8,7,2
0.070,100,250,9,7,3
0.070,200,30,0,2,1
0.070,200,50,1,1,1
0.070,200,100,2,3,3
0.070,200,150,9,7,4
0.070,200,200,4,9,5
0.070,200,250,10,10,6
0.070,300,30,2,0,3
0.070,300,50,0,4,5
0.070,300,100,0,6,10
0.070,300,150,6,11,14
0.070,300,200,4,3,19
0.070,300,250,3,17,24
0.070,500,30,4,2,6
0.070,500,50,0,1,10
0.070,500,100,0,1,22
0.070,500,150,5,7,28
0.070,500,200,3,19,39
0.070,500,250,3,10,47
0.070,1000,30,2,0,9
0.070,1000,50,4,1,15
0.070,1000,100,5,2,31
0.070,1000,150,12,4,41
0.070,1000,200,8,6,59
0.070,1000,250,12,7,13
0.070,3000,30,1,0,23
0.070,3000,50,1,0,47
0.070,3000,100,1,2,1
0.070,3000,150,5,8,4
0.070,3000,200,4,10,1
0.070,3000,250,8,9,25
0.070,5000,30,0,0,13
0.070,5000,50,3,1,21
0.070,5000,100,3,3,42
0.070,5000,150,4,4,1
0.070,5000,200,8,11,3
0.070,5000,250,10,2,1
0.070,6000,30,2,1,5
0.070,6000,50,2,3,666
0.070,6000,100,5,4,695
0.070,6000,150,6,3,943
0.070,6000,200,7,8,921
0.070,8000,30,0,2,995
0.070,8000,50,0,4,1
0.070,8000,100,1,5,798
0.070,8000,150,0,9,816
0.070,8050,30,0,0,1
0.070,8050,50,5,1,1
0.070,8050,100,6,2,1
0.070,8050,150,5,6,1
0.080,100,30,0,2,875
0.080,100,50,6,1,1
0.080,100,100,6,3,1
0.080,100,150,6,3,1
0.080,100,200,12,3,2
0.080,100,250,11,6,2
0.080,200,30,1,2,1
0.080,200,50,0,0,1
0.080,200,100,5,2,1
0.080,200,150,2,5,2
0.080,200,200,8,8,2
0.080,200,250,16,4,3
0.080,300,30,1,6,1
0.080,300,50,2,6,1
0.080,300,100,1,6,3
0.080,300,150,6,9,4
0.080,300,200,4,14,5
0.080,300,250,7,17,6
0.080,500,30,1,4,3
0.080,500,50,1,3,5
0.080,500,100,3,8,10
0.080,500,150,8,6,15
0.080,500,200,3,10,19
0.080,500,250,4,9,26
0.080,1000,30,1,0,6
0.080,1000,50,3,2,10
0.080,1000,100,8,2,19
0.080,1000,150,6,7,31
0.080,1000,200,9,5,37
0.080,1000,250,12,2,47
0.080,3000,30,1,0,8
0.080,3000,50,3,0,15
0.080,3000,100,6,5,27
0.080,3000,150,1,9,41
0.080,3000,200,6,11,51
0.080,3000,250,10,4,1
0.080,5000,30,3,1,4
0.080,5000,50,4,0,14
0.080,5000,100,6,2,23
0.080,5000,150,6,4,38
0.080,5000,200,12,3,56
0.080,5000,250,15,2,1
0.080,6000,30,0,4,22
0.080,6000,50,0,1,12
0.080,6000,100,5,6,24
0.080,6000,150,0,10,33
0.080,6000,200,13,6,57
0.080,6000,250,20,10,1
0.080,8000,30,0,2,10
0.080,8000,50,2,4,798
0.080,8000,100,0,8,684
0.080,8000,150,2,10,791
0.080,8050,30,0,0,946
0.080,8050,50,5,1,990
0.080,8050,100,7,2,1
0.080,8050,150,8,6,725
0.090,100,30,1,0,810
0.090,100,50,2,3,1
0.090,100,100,8,6,1
0.090,100,150,6,5,1
0.090,100,200,18,8,2
0.090,100,250,21,5,950
0.090,200,30,3,3,963
0.090,200,50,2,3,1
0.090,200,100,2,6,1
0.090,200,150,11,2,1
0.090,200,200,6,7,2
0.090,200,250,11,10,1
0.090,300,30,2,1,1
0.090,300,50,0,4,1
0.090,300,100,3,3,2
0.090,300,150,8,4,2
0.090,300,200,6,14,3
0.090,300,250,6,18,1
0.090,500,30,2,3,1
0.090,500,50,3,5,3
0.090,500,100,2,5,4
0.090,500,150,3,5,5
0.090,500,200,11,16,6
0.090,500,250,3,16,4
0.090,1000,30,1,1,5
0.090,1000,50,4,0,10
0.090,1000,100,3,3,14
0.090,1000,150,10,5,19
0.090,1000,200,17,7,24
0.090,1000,250,15,8,7
0.090,3000,30,1,2,10
0.090,3000,50,2,1,21
0.090,3000,100,1,5,33
0.090,3000,150,7,6,40
0.090,3000,200,11,11,51
0.090,3000,250,13,14,9
0.090,5000,30,3,1,14
0.090,5000,50,5,1,25
0.090,5000,100,3,1,40
0.090,5000,150,10,2,55
0.090,5000,200,16,5,13
0.090,5000,250,18,10,22
0.090,6000,30,2,0,44
0.090,6000,50,1,0,1
0.090,6000,100,6,4,6
0.090,6000,150,8,3,13
0.090,6000,200,18,11,19
0.090,6000,250,12,8,41
0.090,8000,30,0,2,59
0.090,8000,50,1,5,688
0.090,8000,100,2,10,722
0.090,8000,150,6,6,835
0.090,8000,200,2,12,979
0.090,8050,30,1,2,1
0.090,8050,50,2,4,1
0.090,8050,100,8,2,741
0.090,8050,150,5,7,828
0.090,8050,200,12,5,1
0.100,100,30,2,1,1
0.100,100,50,3,0,1
0.100,100,100,12,3,1
0.100,100,150,10,3,837
0.100,100,200,6,11,1
0.100,100,250,16,13,1
0.100,200,30,2,2,1
0.100,200,50,4,6,2
0.100,200,100,4,5,2
0.100,200,150,9,12,1
0.100,200,200,13,10,1
0.100,200,250,12,13,1
0.100,300,30,0,2,2
0.100,300,50,0,9,2
0.100,300,100,1,8,3
0.100,300,150,8,7,1
0.100,300,200,9,6,1
0.100,300,250,6,20,2
0.100,500,30,1,3,4
0.100,500,50,3,2,5
0.100,500,100,5,9,6
0.100,500,150,6,11,3
0.100,500,200,1,20,6
0.100,500,250,8,13,10
0.100,1000,30,1,3,15
0.100,1000,50,2,3,18
0.100,1000,100,3,6,23
0.100,1000,150,12,8,7
0.100,1000,200,16,5,11
0.100,1000,250,17,10,21
0.100,3000,30,1,2,29
0.100,3000,50,8,1,39
0.100,3000,100,10,1,52
0.100,3000,150,10,6,10
0.100,3000,200,18,16,15
0.100,3000,250,13,10,31
0.100,5000,30,1,1,39
0.100,5000,50,1,1,56
0.100,5000,100,3,6,1
0.100,5000,150,10,3,8
0.100,5000,200,15,2,14
0.100,5000,250,23,5,24
0.100,6000,30,2,2,47
0.100,6000,50,3,2,58
0.100,6000,100,6,3,13
0.100,6000,150,5,12,19
0.100,6000,200,7,8,40
0.100,6000,250,20,13,1
0.100,8000,30,0,1,3
0.100,8000,50,1,3,702
0.100,8000,100,1,7,765
0.100,8000,150,0,9,841
0.100,8050,30,1,1,1
0.100,8050,50,1,1,1
0.100,8050,100,7,7,1
0.100,8050,150,8,4,774
0.100,8050,200,21,2,835
0.150,100,30,2,4,1
0.150,100,50,6,4,1
0.150,100,100,13,3,1
0.150,100,150,10,4,1
0.150,100,200,24,9,816
0.150,100,250,24,14,962
0.150,200,30,1,0,1
0.150,200,50,4,6,1
0.150,200,100,11,9,2
0.150,200,150,7,6,2
0.150,200,200,22,12,1
0.150,200,250,9,20,1
0.150,300,30,2,1,1
0.150,300,50,8,5,2
0.150,300,100,5,12,2
0.150,300,150,7,8,3
0.150,300,200,19,19,1
0.150,300,250,16,25,1
0.150,500,30,3,3,3
0.150,500,50,3,8,4
0.150,500,100,8,10,5
0.150,500,150,7,13,6
0.150,500,200,6,22,4
0.150,500,250,11,22,5
0.150,1000,30,1,3,10
0.150,1000,50,8,3,16
0.150,1000,100,10,5,21
0.150,1000,150,17,8,23
0.150,1000,200,25,5,7
0.150,1000,250,37,9,10
0.150,3000,30,1,1,22
0.150,3000,50,4,0,31
0.150,3000,100,7,7,42
0.150,3000,150,27,8,53
0.150,3000,200,15,12,10
0.150,3000,250,11,20,14
0.150,5000,30,2,3,30
0.150,5000,50,7,1,41
0.150,5000,100,15,3,56
0.150,5000,150,7,7,1
0.150,5000,200,28,9,15
0.150,5000,250,25,10,14
0.150,6000,30,6,1,23
0.150,6000,50,4,3,41
0.150,6000,100,8,9,1
0.150,6000,150,9,5,7
0.150,6000,200,5,12,1
0.150,6000,250,19,20,18
0.150,8000,30,2,6,13
0.150,8000,50,0,9,21
0.150,8000,100,7,7,39
0.150,8000,150,8,17,56
0.150,8000,200,14,20,1
0.150,8050,30,2,0,15
0.150,8050,50,6,1,719
0.150,8050,100,9,3,704
0.150,8050,150,14,2,815
0.001,100,30,0,0,949
0.001,100,50,0,0,1
0.001,100,100,0,0,1
0.001,100,150,0,1,743
0.001,100,200,0,0,845
0.001,100,250,0,0,1
0.001,200,30,0,0,1
0.001,200,50,0,0,1
0.001,200,100,0,0,1
0.001,200,150,0,0,850
0.001,200,200,0,0,968
0.001,200,250,0,0,1
0.001,300,30,0,0,1
0.001,300,50,0,0,1
0.001,300,100,0,0,2
0.001,300,150,0,1,1
0.001,300,200,0,0,1
0.001,300,250,0,1,1
0.001,500,30,0,0,2
0.001,500,50,0,0,3
0.001,500,100,0,0,3
0.001,500,150,0,1,1
0.001,500,200,0,0,2
0.001,500,250,0,0,3
0.001,1000,30,0,0,4
0.001,1000,50,1,0,5
0.001,1000,100,1,0,7
0.001,1000,150,3,0,3
0.001,1000,200,0,0,4
0.001,1000,250,4,0,10
0.001,3000,30,1,0,14
0.001,3000,50,0,0,19
0.001,3000,100,0,0,23
0.001,3000,150,1,0,7
0.001,3000,200,4,0,10
0.001,3000,250,4,0,20
0.001,5000,30,0,0,29
0.001,5000,50,0,0,41
0.001,5000,100,0,0,49
0.001,5000,150,0,0,10
0.001,5000,200,0,0,15
0.001,5000,250,1,0,28
0.001,6000,30,0,0,44
0.001,6000,50,0,0,53
0.001,6000,100,0,0,1
0.001,6000,150,0,0,15
0.001,6000,200,0,0,11
0.001,6000,250,0,0,23
0.001,8000,30,0,0,34
0.001,8000,50,0,0,58
0.001,8000,100,0,0,13
0.001,8000,150,0,0,21
0.001,8050,30,0,0,39
0.001,8050,50,0,0,57
0.001,8050,100,0,0,1
0.001,8050,150,1,0,17
0.010,100,30,0,0,767
0.010,100,50,0,0,733
0.010,100,100,1,1,862
0.010,100,150,0,0,931
0.010,100,200,1,0,1
0.010,100,250,1,0,1
0.010,200,30,0,0,759
0.010,200,50,0,1,874
0.010,200,100,0,0,1
0.010,200,150,3,1,1
0.010,200,200,1,0,1
0.010,200,250,0,1,1
0.010,300,30,0,0,850
0.010,300,50,0,0,977
0.010,300,100,0,0,1
0.010,300,150,1,2,1
0.010,300,200,0,0,1
0.010,300,250,0,4,2
0.010,500,30,0,1,1
0.010,500,50,0,0,1
0.010,500,100,1,0,1
0.010,500,150,2,1,2
0.010,500,200,1,1,2
0.010,500,250,0,3,3
0.010,1000,30,0,1,1
0.010,1000,50,1,0,1
0.010,1000,100,1,0,3
0.010,1000,150,4,1,4
0.010,1000,200,0,1,5
0.010,1000,250,3,2,7
0.010,3000,30,0,0,3
0.010,3000,50,1,0,5
0.010,3000,100,0,0,10
0.010,3000,150,0,2,15
0.010,3000,200,1,1,20
0.010,3000,250,2,0,23
0.010,5000,30,0,1,7
0.010,5000,50,0,0,10
0.010,5000,100,2,0,19
0.010,5000,150,1,1,29
0.010,5000,200,2,1,45
0.010,5000,250,2,0,49
0.010,6000,30,0,1,10
0.010,6000,50,1,0,15
0.010,6000,100,1,0,28
0.010,6000,150,1,0,41
0.010,6000,200,0,2,54
0.010,6000,250,0,2,57
0.010,8000,30,0,0,14
0.010,8000,50,0,0,22
0.010,8000,100,0,0,45
0.010,8000,150,0,3,1
0.010,8000,200,0,2,6
0.010,8050,30,0,1,1
0.010,8050,50,0,1,23
0.010,8050,100,0,0,12
0.010,8050,150,1,0,22
0.010,8050,200,2,1,36
0.030,100,30,1,1,1
0.030,100,50,0,2,700
0.030,100,100,1,1,716
0.030,100,150,4,1,796
0.030,100,200,4,5,896
0.030,100,250,4,7,1
0.030,200,30,0,0,1
0.030,200,50,1,0,768
0.030,200,100,1,3,872
0.030,200,150,2,2,1
0.030,200,200,5,2,1
0.030,200,250,3,6,1
0.030,300,30,0,1,1
0.030,300,50,0,1,829
0.030,300,100,2,4,971
0.030,300,150,0,5,1
0.030,300,200,0,2,1
0.030,300,250,1,12,2
0.030,500,30,0,0,2
0.030,500,50,1,3,1
0.030,500,100,5,5,1
0.030,500,150,1,5,1
0.030,500,200,1,9,2
0.030,500,250,4,7,2
0.030,1000,30,1,0,3
0.030,1000,50,3,0,1
0.030,1000,100,2,0,1
0.030,1000,150,5,4,3
0.030,1000,200,7,3,4
0.030,1000,250,7,9,5
0.030,3000,30,0,0,6
0.030,3000,50,0,2,3
0.030,3000,100,0,3,5
0.030,3000,150,0,4,10
0.030,3000,200,5,6,13
0.030,3000,250,4,5,19
0.030,5000,30,1,2,26
0.030,5000,50,3,0,7
0.030,5000,100,1,1,10
0.030,5000,150,3,1,18
0.030,5000,200,0,4,30
0.030,5000,250,5,5,39
0.030,6000,30,0,1,48
0.030,6000,50,1,0,10
0.030,6000,100,1,1,15
0.030,6000,150,2,3,26
0.030,6000,200,3,2,38
0.030,6000,250,1,3,58
0.030,8000,30,0,3,1
0.030,8000,50,0,0,7
0.030,8000,100,0,3,14
0.030,8000,150,1,3,22
0.030,8000,200,0,5,40
0.030,8050,30,0,0,58
0.030,8050,50,5,0,12
0.030,8050,100,0,1,19
0.030,8050,150,2,2,32
0.030,8050,200,4,3,54
0.050,100,30,0,1,667
0.050,100,50,2,1,685
0.050,100,100,2,0,788
0.050,100,150,5,2,870
0.050,100,200,3,5,1
0.050,100,250,6,2,1
0.050,200,30,1,0,774
0.050,200,50,0,2,841
0.050,200,100,2,1,1
0.050,200,150,1,7,1
0.050,200,200,13,8,1
0.050,200,250,4,3,1
0.050,300,30,0,1,872
0.050,300,50,0,4,935
0.050,300,100,0,5,1
0.050,300,150,2,7,1
0.050,300,200,4,3,1
0.050,300,250,0,10,2
0.050,500,30,0,3,1
0.050,500,50,2,3,1
0.050,500,100,2,7,1
0.050,500,150,1,7,2
0.050,500,200,3,6,2
0.050,500,250,3,13,3
0.050,1000,30,3,0,1
0.050,1000,50,1,1,1
0.050,1000,100,7,2,3
0.050,1000,150,6,3,4
0.050,1000,200,7,6,5
0.050,1000,250,7,4,6
0.050,3000,30,0,0,4
0.050,3000,50,4,2,5
0.050,3000,100,3,1,10
0.050,3000,150,4,3,15
0.050,3000,200,0,8,20
0.050,3000,250,9,6,23
0.050,5000,30,0,1,7
0.050,5000,50,0,1,10
0.050,5000,100,5,1,19
0.050,5000,150,6,0,30
0.050,5000,200,13,6,40
0.050,5000,250,11,5,48
0.050,6000,30,0,1,10
0.050,6000,50,1,3,15
0.050,6000,100,6,0,21
0.050,6000,150,2,5,41
0.050,6000,200,8,1,55
0.050,6000,250,7,4,1
0.050,8000,30,1,1,8
0.050,8000,50,0,4,12
0.050,8000,100,3,5,23
0.050,8000,150,7,3,42
0.050,8050,30,1,1,1
0.050,8050,50,3,0,6
0.050,8050,100,3,3,1
0.050,8050,150,6,1,23
0.050,8050,200,4,3,12
0.070,100,30,1,2,22
0.070,100,50,2,0,37
0.070,100,100,2,1,52
0.070,100,150,12,5,1
0.070,100,200,11,5,17
0.070,100,250,11,5,729
0.070,200,30,2,1,706
0.070,200,50,0,1,825
0.070,200,100,4,2,934
0.070,200,150,6,2,1
0.070,200,200,12,6,1
0.070,200,250,7,7,722
0.070,300,30,0,1,827
0.070,300,50,1,1,1
0.070,300,100,5,7,1
0.070,300,150,3,11,1
0.070,300,200,6,16,1
0.070,300,250,1,15,851
0.070,500,30,0,3,988
0.070,500,50,1,2,1
0.070,500,100,1,2,1
0.070,500,150,0,8,1
0.070,500,200,3,9,2
0.070,500,250,8,9,1
0.070,1000,30,1,2,1
0.070,1000,50,5,1,1
0.070,1000,100,4,2,2
0.070,1000,150,14,3,3
0.070,1000,200,14,7,3
0.070,1000,250,8,8,1
0.070,3000,30,1,2,1
0.070,3000,50,1,2,2
0.070,3000,100,4,9,4
0.070,3000,150,5,7,5
0.070,3000,200,11,10,6
0.070,3000,250,11,14,3
0.070,5000,30,1,1,5
0.070,5000,50,1,1,10
0.070,5000,100,7,2,15
0.070,5000,150,4,1,18
0.070,5000,200,10,3,24
0.070,5000,250,17,8,7
0.070,6000,30,0,3,10
0.070,6000,50,0,3,21
0.070,6000,100,3,2,26
0.070,6000,150,3,5,42
0.070,6000,200,9,6,52
0.070,6000,250,10,11,9
0.070,8000,30,0,0,14
0.070,8000,50,0,6,31
0.070,8000,100,1,9,44
0.070,8000,150,2,11,54
0.070,8000,200,0,14,1
0.070,8050,30,3,1,8
0.070,8050,50,3,1,14
0.070,8050,100,3,4,20
0.070,8050,150,5,4,44
0.070,8050,200,11,3,59
0.080,100,30,2,1,1
0.080,100,50,1,5,20
0.080,100,100,3,5,12
0.080,100,150,7,3,20
0.080,100,200,10,8,41
0.080,100,250,16,5,59
0.080,200,30,2,1,1
0.080,200,50,1,1,12
0.080,200,100,7,5,737
0.080,200,150,2,7,703
0.080,200,200,10,10,799
0.080,200,250,8,10,916
0.080,300,30,1,0,1
0.080,300,50,1,1,1
0.080,300,100,6,8,748
0.080,300,150,0,6,862
0.080,300,200,4,8,1
0.080,300,250,7,21,1
0.080,500,30,3,0,1
0.080,500,50,2,3,1
0.080,500,100,1,6,848
0.080,500,150,5,4,957
0.080,500,200,6,18,1
0.080,500,250,3,13,1
0.080,1000,30,3,0,1
0.080,1000,50,3,2,2
0.080,1000,100,10,4,1
0.080,1000,150,14,0,1
0.080,1000,200,12,7,1
0.080,1000,250,20,4,2
0.080,3000,30,0,0,2
0.080,3000,50,4,1,3
0.080,3000,100,1,2,1
0.080,3000,150,9,6,1
0.080,3000,200,13,4,3
0.080,3000,250,11,13,4
0.080,5000,30,0,2,4
0.080,5000,50,1,0,6
0.080,5000,100,4,2,3
0.080,5000,150,13,3,5
0.080,5000,200,13,5,10
0.080,5000,250,9,5,13
0.080,6000,30,2,0,19
0.080,6000,50,2,6,25
0.080,6000,100,5,1,6
0.080,6000,150,4,4,10
0.080,6000,200,5,5,20
0.080,8000,30,2,0,30
0.080,8000,50,4,7,38
0.080,8000,100,6,3,46
0.080,8000,150,2,10,10
0.080,8050,30,6,1,16
0.080,8050,50,2,0,28
0.080,8050,100,5,1,41
0.080,8050,150,6,2,53
0.090,100,30,1,0,1
0.090,100,50,4,3,5
0.090,100,100,1,6,14
0.090,100,150,8,7,22
0.090,100,200,13,7,42
0.090,100,250,20,7,1
0.090,200,30,2,1,3
0.090,200,50,9,0,14
0.090,200,100,2,8,22
0.090,200,150,12,5,39
0.090,200,200,20,9,1
0.090,200,250,12,15,4
0.090,300,30,1,0,1
0.090,300,50,1,3,13
0.090,300,100,4,5,699
0.090,300,150,2,7,746
0.090,300,200,4,16,938
0.090,300,250,5,18,937
0.090,500,30,0,1,1
0.090,500,50,0,3,1
0.090,500,100,4,7,759
0.090,500,150,6,7,827
0.090,500,200,4,9,1
0.090,500,250,5,14,1
0.090,1000,30,0,1,1
0.090,1000,50,3,1,1
0.090,1000,100,5,3,838
0.090,1000,150,12,2,976
0.090,1000,200,19,6,1
0.090,1000,250,17,6,1
0.090,3000,30,2,0,2
0.090,3000,50,3,2,2
0.090,3000,100,4,2,1
0.090,3000,150,10,6,1
0.090,3000,200,8,7,2
0.090,3000,250,13,7,2
0.090,5000,30,3,0,2
0.090,5000,50,4,0,3
0.090,5000,100,10,1,1
0.090,5000,150,14,1,2
0.090,5000,200,13,7,3
0.090,5000,250,23,6,4
0.090,6000,30,0,6,5
0.090,6000,50,0,2,6
0.090,6000,100,5,5,3
0.090,6000,150,3,4,5
0.090,6000,200,3,7,10
0.090,8000,30,4,2,15
0.090,8000,50,2,1,19
0.090,8000,100,6,9,26
0.090,8000,150,0,9,6
0.090,8000,200,4,16,11
0.090,8050,30,1,0,21
0.090,8050,50,1,3,29
0.090,8050,100,7,2,38
0.090,8050,150,12,1,47
0.090,8050,200,14,3,10
0.100,100,30,0,2,14
0.100,100,50,5,3,26
0.100,100,100,6,5,43
0.100,100,150,14,3,52
0.100,100,200,15,6,1
0.100,100,250,12,7,9
0.100,200,30,0,2,12
0.100,200,50,2,1,25
0.100,200,100,3,8,47
0.100,200,150,8,7,1
0.100,200,200,9,8,2
0.100,200,250,18,10,1
0.100,300,30,1,3,19
0.100,300,50,0,4,14
0.100,300,100,1,11,20
0.100,300,150,3,9,38
0.100,300,200,3,19,1
0.100,300,250,9,19,1
0.100,500,30,0,6,13
0.100,500,50,1,3,709
0.100,500,100,5,10,692
0.100,500,150,6,14,911
0.100,500,200,8,9,1
0.100,500,250,14,13,1
0.100,1000,30,4,1,1
0.100,1000,50,4,0,744
0.100,1000,100,4,4,880
0.100,1000,150,12,4,1
0.100,1000,200,14,7,1
0.100,1000,250,9,11,1
0.100,3000,30,1,2,1
0.100,3000,50,4,2,862
0.100,3000,100,3,5,984
0.100,3000,150,11,8,1
0.100,3000,200,8,11,1
0.100,3000,250,24,11,1
0.100,5000,30,3,0,2
0.100,5000,50,5,0,1
0.100,5000,100,8,0,1
0.100,5000,150,10,5,1
0.100,5000,200,15,4,2
0.100,5000,250,18,4,3
0.100,6000,30,3,0,3
0.100,6000,50,2,2,1
0.100,6000,100,6,5,1
0.100,6000,150,9,6,3
0.100,6000,200,11,5,4
0.100,8000,30,0,2,5
0.100,8000,50,1,3,6
0.100,8000,100,3,7,3
0.100,8000,150,3,16,5
0.100,8050,30,2,2,11
0.100,8050,50,0,2,15
0.100,8050,100,6,4,19
0.100,8050,150,7,4,28
0.100,8050,200,9,4,8
0.150,100,30,6,2,10
0.150,100,50,5,3,21
0.150,100,100,6,6,30
0.150,100,150,12,7,41
0.150,100,200,22,9,51
0.150,100,250,33,10,10
0.150,200,30,1,1,15
0.150,200,50,7,3,24
0.150,200,100,4,8,45
0.150,200,150,17,10,54
0.150,200,200,17,12,14
0.150,200,250,14,12,24
0.150,300,30,2,2,44
0.150,300,50,3,4,1
0.150,300,100,10,6,3
0.150,300,150,13,15,13
0.150,300,200,14,22,18
0.150,300,250,12,21,41
0.150,500,30,1,1,58
0.150,500,50,3,4,670
0.150,500,100,15,5,674
0.150,500,150,10,18,795
0.150,500,200,9,17,906
0.150,500,250,10,14,1
0.150,1000,30,3,2,1
0.150,1000,50,7,2,774
0.150,1000,100,13,3,804
0.150,1000,150,18,6,1
0.150,1000,200,29,12,1
0.150,1000,250,21,14,1
0.150,3000,30,2,5,1
0.150,3000,50,1,3,827
0.150,3000,100,10,8,1
0.150,3000,150,10,11,1
0.150,3000,200,18,7,1
0.150,3000,250,18,18,1
0.150,5000,30,6,1,2
0.150,5000,50,7,0,1
0.150,5000,100,10,9,1
0.150,5000,150,17,8,1
0.150,5000,200,24,6,2
0.150,5000,250,23,9,3
0.150,6000,30,3,1,3
0.150,6000,50,0,4,1
0.150,6000,100,8,5,1
0.150,6000,150,17,9,2
0.150,6000,200,18,13,4
0.150,8000,30,2,4,5
0.150,8000,50,2,1,6
0.150,8000,100,4,11,3
0.150,8000,150,12,11,5
0.150,8000,200,8,24,10
0.150,8050,30,4,3,15
0.150,8050,50,4,1,21
0.150,8050,100,13,2,25
0.150,8050,150,13,5,7
0.001,100,30,0,0,11
0.001,100,50,1,0,18
0.001,100,100,0,0,28
0.001,100,150,0,0,37
0.001,100,200,0,0,52
0.001,100,250,0,0,10
0.001,200,30,0,0,15
0.001,200,50,0,0,27
0.001,200,100,0,0,42
0.001,200,150,0,0,53
0.001,200,200,1,0,15
0.001,200,250,0,0,23
0.001,300,30,0,0,44
0.001,300,50,0,0,1
0.001,300,100,0,0,1
0.001,300,150,0,0,26
0.001,300,200,0,0,14
0.001,300,250,0,0,21
0.001,500,30,0,0,39
0.001,500,50,0,0,46
0.001,500,100,0,0,1
0.001,500,150,0,0,25
0.001,500,200,0,0,673
0.001,500,250,0,0,683
0.001,1000,30,0,0,825
0.001,1000,50,0,0,933
0.001,1000,100,0,0,1
0.001,1000,150,2,0,1
0.001,1000,200,0,0,737
0.001,1000,250,2,0,837
0.001,3000,30,0,0,1
0.001,3000,50,0,0,1
0.001,3000,100,0,0,1
0.001,3000,150,0,0,1
0.001,3000,200,0,0,846
0.001,3000,250,1,0,1
0.001,5000,30,0,0,1
0.001,5000,50,0,0,1
0.001,5000,100,3,0,1
0.001,5000,150,0,0,2
0.001,5000,200,1,0,1
0.001,5000,250,2,1,1
0.001,6000,30,0,0,1
0.001,6000,50,0,0,2
0.001,6000,100,0,0,2
0.001,6000,150,0,0,3
0.001,6000,200,2,0,1
0.001,6000,250,1,1,1
0.001,8000,30,0,0,3
0.001,8000,50,0,0,4
0.001,8000,100,2,0,5
0.001,8000,150,0,0,6
0.001,8050,30,0,0,3
0.001,8050,50,0,0,5
0.001,8050,100,2,0,10
0.001,8050,150,0,0,15
0.010,100,30,1,0,21
0.010,100,50,1,0,22
0.010,100,100,0,0,7
0.010,100,150,0,0,11
0.010,100,200,2,0,20
0.010,100,250,0,1,30
0.010,200,30,0,1,40
0.010,200,50,0,1,48
0.010,200,100,0,1,10
0.010,200,150,0,4,15
0.010,200,200,0,1,28
0.010,200,250,0,2,42
0.010,300,30,0,0,53
0.010,300,50,0,0,14
0.010,300,100,0,3,23
0.010,300,150,0,2,42
0.010,300,200,1,1,58
0.010,300,250,0,0,14
0.010,500,30,0,0,21
0.010,500,50,0,0,37
0.010,500,100,0,0,49
0.010,500,150,0,2,59
0.010,500,200,1,1,672
0.010,500,250,2,2,670
0.010,1000,30,0,0,813
0.010,1000,50,0,0,996
0.010,1000,100,1,1,1
0.010,1000,150,0,1,1
0.010,1000,200,2,1,751
0.010,1000,250,2,4,890
0.010,3000,30,0,1,1
0.010,3000,50,0,0,1
0.010,3000,100,0,1,1
0.010,3000,150,0,1,1
0.010,3000,200,1,2,862
0.010,3000,250,1,6,1
0.010,5000,30,1,0,1
0.010,5000,50,0,0,1
0.010,5000,100,0,0,2
0.010,5000,150,3,1,2
0.010,5000,200,2,1,1
0.010,5000,250,4,0,1
0.010,6000,30,0,0,1
0.010,6000,50,0,0,2
0.010,6000,100,0,3,2
0.010,6000,150,0,1,3
0.010,6000,200,0,2,1
0.010,6000,250,1,1,1
0.010,8000,30,0,0,3
0.010,8000,50,0,0,4
0.010,8000,100,0,1,5
0.010,8000,150,0,1,6
0.010,8000,200,0,4,3
0.010,8050,30,0,0,6
0.010,8050,50,1,0,10
0.010,8050,100,0,1,16
0.010,8050,150,0,0,20
0.010,8050,200,0,0,23
0.030,100,30,0,0,7
0.030,100,50,0,3,11
0.030,100,100,2,1,20
0.030,100,150,2,4,32
0.030,100,200,6,2,41
0.030,100,250,5,3,50
0.030,200,30,0,0,9
0.030,200,50,0,0,15
0.030,200,100,0,2,29
0.030,200,150,0,1,40
0.030,200,200,3,4,54
0.030,200,250,4,2,15
0.030,300,30,0,0,22
0.030,300,50,0,2,42
0.030,300,100,0,1,1
0.030,300,150,0,2,6
0.030,300,200,0,5,1
0.030,300,250,3,14,34
0.030,500,30,0,1,13
0.030,500,50,2,0,19
0.030,500,100,0,1,41
0.030,500,150,0,4,1
0.030,500,200,1,6,4
0.030,500,250,0,7,692
0.030,1000,30,1,0,713
0.030,1000,50,0,2,796
0.030,1000,100,1,0,903
0.030,1000,150,7,2,1
0.030,1000,200,5,2,1
0.030,1000,250,5,1,714
0.030,3000,30,0,0,796
0.030,3000,50,1,0,1
0.030,3000,100,6,4,1
0.030,3000,150,5,3,1
0.030,3000,200,4,2,1
0.030,3000,250,3,8,831
0.030,5000,30,0,1,964
0.030,5000,50,1,0,1
0.030,5000,100,2,0,1
0.030,5000,150,2,3,1
0.030,5000,200,4,2,2
0.030,5000,250,8,2,978
0.030,6000,30,0,0,1
0.030,6000,50,2,1,1
0.030,6000,100,0,3,3
0.030,6000,150,1,3,2
0.030,6000,200,1,4,3
0.030,6000,250,2,3,1
0.030,8000,30,0,0,1
0.030,8000,50,0,0,3
0.030,8000,100,1,2,4
0.030,8000,150,0,3,5
0.030,8050,30,1,0,6
0.030,8050,50,1,1,3
0.030,8050,100,3,1,5
0.030,8050,150,3,2,11
0.050,100,30,2,0,14
0.050,100,50,2,1,20
0.050,100,100,8,2,23
0.050,100,150,5,1,6
0.050,100,200,1,2,10
0.050,100,250,13,4,20
0.050,200,30,0,0,32
0.050,200,50,1,1,39
0.050,200,100,0,4,49
0.050,200,150,3,2,9
0.050,200,200,1,3,14
0.050,200,250,7,10,27
0.050,300,30,2,0,40
0.050,300,50,1,2,56
0.050,300,100,0,5,1
0.050,300,150,5,8,3
0.050,300,200,1,9,13
0.050,300,250,0,10,20
0.050,500,30,0,1,42
0.050,500,50,0,2,54
0.050,500,100,2,4,14
0.050,500,150,0,5,20
0.050,500,200,0,12,31
0.050,500,250,2,11,57
0.050,1000,30,0,0,735
0.050,1000,50,0,0,696
0.050,1000,100,4,1,811
0.050,1000,150,13,2,913
0.050,1000,200,5,4,1
0.050,1000,250,8,6,1
0.050,3000,30,0,0,726
0.050,3000,50,2,2,787
0.050,3000,100,1,4,1
0.050,3000,150,2,3,1
0.050,3000,200,3,8,1
0.050,3000,250,5,11,1
0.050,5000,30,0,0,863
0.050,5000,50,1,2,958
0.050,5000,100,5,2,1
0.050,5000,150,5,0,1
0.050,5000,200,6,3,1
0.050,5000,250,8,5,2
0.050,6000,30,0,1,1
0.050,6000,50,0,2,1
0.050,6000,100,6,1,2
0.050,6000,150,1,3,2
0.050,6000,200,3,3,3
0.050,8000,30,0,3,3
0.050,8000,50,0,0,1
0.050,8000,100,1,3,1
0.050,8000,150,4,5,3
0.050,8050,30,1,1,4
0.050,8050,50,2,0,5
0.050,8050,100,6,1,6
0.050,8050,150,3,2,3
0.070,100,30,2,1,5
0.070,100,50,3,1,10
0.070,100,100,7,7,14
0.070,100,150,8,6,19
0.070,100,200,8,4,25
0.070,100,250,7,8,7
0.070,200,30,1,3,11
0.070,200,50,2,0,20
0.070,200,100,5,4,29
0.070,200,150,9,5,37
0.070,200,200,9,6,48
0.070,200,250,13,8,8
0.070,300,30,2,5,14
0.070,300,50,1,5,28
0.070,300,100,5,3,43
0.070,300,150,2,10,53
0.070,300,200,2,11,1
0.070,300,250,2,17,1
0.070,500,30,1,1,13
0.070,500,50,0,2,26
0.070,500,100,2,6,45
0.070,500,150,7,6,1
0.070,500,200,5,6,6
0.070,500,250,8,15,1
0.070,1000,30,1,1,25
0.070,1000,50,0,2,11
0.070,1000,100,3,1,21
0.070,1000,150,8,5,38
0.070,1000,200,11,1,56
0.070,1000,250,16,7,1
0.070,3000,30,0,3,17
0.070,3000,50,1,2,696
0.070,3000,100,3,3,696
0.070,3000,150,2,4,821
0.070,3000,200,4,9,901
0.070,3000,250,7,5,1
0.070,5000,30,3,0,1
0.070,5000,50,2,1,776
0.070,5000,100,2,3,828
0.070,5000,150,5,4,1
0.070,5000,200,7,3,1
0.070,5000,250,10,2,1
0.070,6000,30,0,0,1
0.070,6000,50,1,1,907
0.070,6000,100,6,2,998
0.070,6000,150,2,7,1
0.070,6000,200,6,5,1
0.070,6000,250,4,12,1
0.070,8000,30,0,3,2
0.070,8000,50,0,4,992
0.070,8000,100,1,3,1
0.070,8000,150,4,6,1
0.070,8000,200,1,7,2
0.070,8050,30,1,0,3
0.070,8050,50,2,1,3
0.070,8050,100,1,4,1
0.070,8050,150,7,2,1
0.070,8050,200,14,2,3
0.080,100,30,2,1,4
0.080,100,50,0,3,5
0.080,100,100,5,3,7
0.080,100,150,6,5,3
0.080,100,200,17,7,5
0.080,100,250,16,7,10
0.080,200,30,0,0,15
0.080,200,50,3,1,21
0.080,200,100,3,3,24
0.080,200,150,5,9,7
0.080,200,200,11,11,11
0.080,200,250,9,14,21
0.080,300,30,0,1,29
0.080,300,50,0,6,36
0.080,300,100,4,4,50
0.080,300,150,0,8,8
0.080,300,200,2,17,15
0.080,300,250,4,11,29
0.080,500,30,0,0,42
0.080,500,50,1,0,51
0.080,500,100,2,7,1
0.080,500,150,3,7,4
0.080,500,200,2,3,11
0.080,500,250,17,12,24
0.080,1000,30,2,1,35
0.080,1000,50,2,1,1
0.080,1000,100,6,3,2
0.080,1000,150,7,5,13
0.080,1000,200,7,8,21
0.080,1000,250,16,7,39
0.080,3000,30,2,0,1
0.080,3000,50,6,1,4
0.080,3000,100,1,6,686
0.080,3000,150,14,10,711
0.080,3000,200,5,5,834
0.080,3000,250,8,10,985
0.080,5000,30,5,0,1
0.080,5000,50,5,1,1
0.080,5000,100,4,1,723
0.080,5000,150,13,3,817
0.080,5000,200,16,6,1
0.080,5000,250,11,4,1
0.080,6000,30,0,1,1
0.080,6000,50,2,5,1
0.080,6000,100,3,5,890
0.080,6000,150,1,11,1
0.080,6000,200,10,7,1
0.080,8000,30,0,3,1
0.080,8000,50,2,2,2
0.080,8000,100,4,5,2
0.080,8000,150,0,7,987
0.080,8050,30,2,0,1
0.080,8050,50,2,1,1
0.080,8050,100,8,4,2
0.080,8050,150,11,4,2
0.080,8050,200,11,4,3
0.090,100,30,1,0,1
0.090,100,50,5,2,1
0.090,100,100,5,6,3
0.090,100,150,8,4,4
0.090,100,200,8,7,5
0.090,100,250,17,8,6
0.090,200,30,1,2,4
0.090,200,50,5,5,6
0.090,200,100,3,3,10
0.090,200,150,9,3,15
0.090,200,200,14,6,18
0.090,200,250,4,20,23
0.090,300,30,0,2,6
0.090,300,50,1,3,10
0.090,300,100,3,6,22
0.090,300,150,1,11,29
0.090,300,200,5,11,41
0.090,300,250,6,16,49
0.090,500,30,0,1,8
0.090,500,50,1,3,14
0.090,500,100,4,11,23
0.090,500,150,5,5,44
0.090,500,200,6,5,51
0.090,500,250,3,15,15
0.090,1000,30,2,1,21
0.090,1000,50,1,2,45
0.090,1000,100,3,5,1
0.090,1000,150,13,13,5
0.090,1000,200,11,5,13
0.090,1000,250,14,8,22
0.090,3000,30,1,1,39
0.090,3000,50,2,2,59
0.090,3000,100,2,4,684
0.090,3000,150,9,6,692
0.090,3000,200,11,16,845
0.090,3000,250,17,7,956
0.090,5000,30,3,2,1
0.090,5000,50,4,2,1
0.090,5000,100,7,3,754
0.090,5000,150,10,2,840
0.090,5000,200,13,6,1
0.090,5000,250,17,6,1
0.090,6000,30,2,1,1
0.090,6000,50,1,4,1
0.090,6000,100,7,9,879
0.090,6000,150,9,10,1
0.090,6000,200,7,7,1
0.090,8000,30,0,1,1
0.090,8000,50,2,7,1
0.090,8000,100,0,11,2
0.090,8000,150,6,10,985
0.090,8000,200,2,17,1
0.090,8050,30,1,0,1
0.090,8050,50,5,1,2
0.090,8050,100,6,0,2
0.090,8050,150,9,5,3
0.090,8050,200,3,9,1
0.100,100,30,2,3,1
0.100,100,50,4,2,3
0.100,100,100,5,5,4
0.100,100,150,7,10,4
0.100,100,200,19,6,6
0.100,100,250,31,5,3
0.100,200,30,3,0,5
0.100,200,50,3,2,10
0.100,200,100,5,3,14
0.100,200,150,4,7,20
0.100,200,200,11,9,25
0.100,200,250,13,12,7
0.100,300,30,0,2,9
0.100,300,50,6,2,20
0.100,300,100,0,4,30
0.100,300,150,1,10,37
0.100,300,200,7,22,52
0.100,300,250,10,28,10
0.100,500,30,1,3,14
0.100,500,50,2,3,30
0.100,500,100,5,6,41
0.100,500,150,6,14,53
0.100,500,200,0,9,1
0.100,500,250,6,26,6
0.100,1000,30,3,1,14
0.100,1000,50,3,3,22
0.100,1000,100,8,4,33
0.100,1000,150,13,4,1
0.100,1000,200,18,6,2
0.100,1000,250,30,10,1
0.100,3000,30,3,2,21
0.100,3000,50,2,5,12
0.100,3000,100,4,3,21
0.100,3000,150,4,9,38
0.100,3000,200,12,10,1
0.100,3000,250,7,13,3
0.100,5000,30,4,0,1
0.100,5000,50,3,0,20
0.100,5000,100,5,2,717
0.100,5000,150,19,4,711
0.100,5000,200,16,2,861
0.100,5000,250,14,7,920
0.100,6000,30,2,0,1
0.100,6000,50,0,5,1
0.100,6000,100,6,7,750
0.100,6000,150,4,4,885
0.100,6000,200,12,17,1
0.100,6000,250,14,10,1
0.100,8000,30,1,1,1
0.100,8000,50,2,3,1
0.100,8000,100,4,9,826
0.100,8000,150,4,14,974
0.100,8050,30,2,0,1
0.100,8050,50,1,1,1
0.100,8050,100,10,4,1
0.100,8050,150,7,6,2
0.100,8050,200,12,3,1
0.150,100,30,7,0,1
0.150,100,50,4,5,1
0.150,100,100,10,3,2
0.150,100,150,9,8,3
0.150,100,200,15,14,3
0.150,100,250,26,13,1
0.150,200,30,2,1,2
0.150,200,50,2,2,3
0.150,200,100,12,4,4
0.150,200,150,7,10,5
0.150,200,200,22,11,6
0.150,200,250,27,26,3
0.150,300,30,3,5,6
0.150,300,50,3,5,9
0.150,300,100,8,5,15
0.150,300,150,11,11,20
0.150,300,200,11,19,24
0.150,300,250,7,25,6
0.150,500,30,3,2,10
0.150,500,50,6,3,20
0.150,500,100,11,7,29
0.150,500,150,14,10,39
0.150,500,200,9,15,51
0.150,500,250,11,18,9
0.150,1000,30,5,2,15
0.150,1000,50,3,2,29
0.150,1000,100,14,5,49
0.150,1000,150,19,4,55
0.150,1000,200,24,8,14
0.150,1000,250,28,10,24
0.150,3000,30,3,2,35
0.150,3000,50,4,2,1
0.150,3000,100,2,7,9
0.150,3000,150,11,9,13
0.150,3000,200,17,12,22
0.150,3000,250,18,13,38
0.150,5000,30,1,3,53
0.150,5000,50,3,2,1
0.150,5000,100,10,4,17
0.150,5000,150,10,6,690
0.150,5000,200,18,11,751
0.150,5000,250,39,9,852
0.150,6000,30,0,3,939
0.150,6000,50,0,6,1
0.150,6000,100,11,7,1
0.150,6000,150,11,10,788
0.150,6000,200,7,12,810
0.150,6000,250,25,22,1
0.150,8000,30,0,3,1
0.150,8000,50,2,8,1
0.150,8000,100,2,7,1
0.150,8000,150,11,18,891
0.150,8000,200,15,19,1
0.150,8050,30,2,1,1
0.150,8050,50,6,3,1
0.150,8050,100,23,3,2
0.150,8050,150,21,3,2
0.150,8050,200,26,13,994
0.001,100,30,0,0,1
0.001,100,50,0,0,1
0.001,100,100,0,0,2
0.001,100,150,0,0,2
0.001,100,200,0,0,3
0.001,100,250,0,0,1
0.001,200,30,0,0,1
0.001,200,50,0,0,3
0.001,200,100,0,0,4
0.001,200,150,0,0,5
0.001,200,200,0,0,6
0.001,200,250,0,0,3
0.001,300,30,0,0,5
0.001,300,50,0,0,10
0.001,300,100,0,0,16
0.001,300,150,0,0,17
0.001,300,200,0,0,25
0.001,300,250,0,1,7
0.001,500,30,0,0,10
0.001,500,50,0,0,20
0.001,500,100,0,0,28
0.001,500,150,0,0,41
0.001,500,200,0,0,47
0.001,500,250,0,0,9
0.001,1000,30,2,0,16
0.001,1000,50,0,0,30
0.001,1000,100,1,0,45
0.001,1000,150,1,0,51
0.001,1000,200,5,0,13
0.001,1000,250,2,0,22
0.001,3000,30,0,0,46
0.001,3000,50,0,0,1
0.001,3000,100,1,0,7
0.001,3000,150,0,0,1
0.001,3000,200,1,0,1
0.001,3000,250,0,0,13
0.001,5000,30,0,0,23
0.001,5000,50,0,0,38
0.001,5000,100,1,0,59
0.001,5000,150,1,1,1
0.001,5000,200,0,0,18
0.001,5000,250,0,0,679
0.001,6000,30,0,0,745
0.001,6000,50,0,1,851
0.001,6000,100,0,0,904
0.001,6000,150,1,0,1
0.001,6000,200,0,0,1
0.001,6000,250,0,0,786
0.001,8000,30,0,0,865
0.001,8000,50,0,0,1
0.001,8000,100,0,1,1
0.001,8000,150,0,1,1
0.001,8000,200,0,0,1
0.001,8050,30,0,0,835
0.001,8050,50,0,0,950
0.001,8050,100,0,0,1
0.001,8050,150,0,0,1
0.001,8050,200,0,0,2
0.010,100,30,0,0,2
0.010,100,50,0,1,1
0.010,100,100,0,0,1
0.010,100,150,0,3,1
0.010,100,200,0,0,2
0.010,100,250,0,2,2
0.010,200,30,0,0,3
0.010,200,50,0,0,1
0.010,200,100,1,0,1
0.010,200,150,1,2,3
0.010,200,200,0,1,4
0.010,200,250,1,2,5
0.010,300,30,0,0,6
0.010,300,50,0,0,3
0.010,300,100,1,1,5
0.010,300,150,2,0,11
0.010,300,200,1,0,15
0.010,300,250,0,1,21
0.010,500,30,0,0,23
0.010,500,50,0,0,7
0.010,500,100,0,2,12
0.010,500,150,0,0,20
0.010,500,200,0,1,32
0.010,500,250,1,0,33
0.010,1000,30,0,0,50
0.010,1000,50,1,0,10
0.010,1000,100,0,0,14
0.010,1000,150,2,0,30
0.010,1000,200,4,1,39
0.010,1000,250,7,1,58
0.010,3000,30,0,0,1
0.010,3000,50,2,0,10
0.010,3000,100,1,1,13
0.010,3000,150,2,1,20
0.010,3000,200,0,1,42
0.010,3000,250,1,0,1
0.010,5000,30,0,0,12
0.010,5000,50,0,0,12
0.010,5000,100,1,1,20
0.010,5000,150,3,0,43
0.010,5000,200,2,0,57
0.010,5000,250,3,0,1
0.010,6000,30,0,0,21
0.010,6000,50,0,0,729
0.010,6000,100,0,2,668
0.010,6000,150,1,2,780
0.010,6000,200,0,3,939
0.010,8000,30,0,0,961
0.010,8000,50,0,1,1
0.010,8000,100,0,2,772
0.010,8000,150,0,1,829
0.010,8000,200,0,2,1
0.010,8050,30,0,0,1
0.010,8050,50,0,0,1
0.010,8050,100,0,0,1
0.010,8050,150,1,0,850
0.010,8050,200,1,1,1
0.030,100,30,1,0,1
0.030,100,50,3,0,1
0.030,100,100,1,0,2
0.030,100,150,2,3,2
0.030,100,200,3,1,1
0.030,100,250,2,4,1
0.030,200,30,2,0,1
0.030,200,50,2,1,2
0.030,200,100,0,4,3
0.030,200,150,3,1,3
0.030,200,200,7,4,1
0.030,200,250,1,2,1
0.030,300,30,0,1,3
0.030,300,50,0,0,4
0.030,300,100,0,1,5
0.030,300,150,0,7,7
0.030,300,200,1,8,4
0.030,300,250,1,8,6
0.030,500,30,0,2,11
0.030,500,50,0,1,15
0.030,500,100,0,2,21
0.030,500,150,1,5,26
0.030,500,200,3,2,6
0.030,500,250,0,6,11
0.030,1000,30,0,0,22
0.030,1000,50,1,2,30
0.030,1000,100,1,1,41
0.030,1000,150,9,3,48
0.030,1000,200,10,1,10
0.030,1000,250,11,3,15
0.030,3000,30,0,0,27
0.030,3000,50,1,3,42
0.030,3000,100,1,1,50
0.030,3000,150,2,4,1
0.030,3000,200,0,1,13
0.030,3000,250,0,7,14
0.030,5000,30,2,0,23
0.030,5000,50,2,3,34
0.030,5000,100,1,4,1
0.030,5000,150,2,1,11
0.030,5000,200,4,4,1
0.030,5000,250,3,3,24
0.030,6000,30,0,1,14
0.030,6000,50,0,0,19
0.030,6000,100,0,2,43
0.030,6000,150,3,1,58
0.030,6000,200,4,7,1
0.030,6000,250,4,5,20
0.030,8000,30,0,2,687
0.030,8000,50,1,0,668
0.030,8000,100,2,3,835
0.030,8000,150,3,3,987
0.030,8050,30,0,0,1
0.030,8050,50,0,0,1
0.030,8050,100,0,1,777
0.030,8050,150,3,1,801
0.030,8050,200,8,2,1
0.050,100,30,2,0,1
0.050,100,50,4,1,1
0.050,100,100,2,3,1
0.050,100,150,4,1,818
0.050,100,200,2,5,939
0.050,100,250,9,5,1
0.050,200,30,1,2,1
0.050,200,50,1,1,2
0.050,200,100,5,3,2
0.050,200,150,2,5,1
0.050,200,200,6,7,1
0.050,200,250,3,9,1
0.050,300,30,0,0,2
0.050,300,50,0,2,2
0.050,300,100,0,3,3
0.050,300,150,0,2,1
0.050,300,200,2,11,1
0.050,300,250,1,11,3
0.050,500,30,0,2,4
0.050,500,50,0,1,5
0.050,500,100,2,4,6
0.050,500,150,3,7,4
0.050,500,200,5,7,5
0.050,500,250,1,10,10
0.050,1000,30,0,0,15
0.050,1000,50,2,0,20
0.050,1000,100,3,4,25
0.050,1000,150,7,4,7
0.050,1000,200,5,5,10
0.050,1000,250,10,7,20
0.050,3000,30,0,1,32
0.050,3000,50,2,1,38
0.050,3000,100,6,1,53
0.050,3000,150,6,5,9
0.050,3000,200,4,6,16
0.050,3000,250,2,7,30
0.050,5000,30,1,1,45
0.050,5000,50,1,2,56
0.050,5000,100,3,2,1
0.050,5000,150,5,0,5
0.050,5000,200,3,7,14
0.050,5000,250,11,9,22
0.050,6000,30,0,0,44
0.050,6000,50,0,3,1
0.050,6000,100,1,4,6
0.050,6000,150,5,5,1
0.050,6000,200,3,1,4
0.050,6000,250,6,9,14
0.050,8000,30,0,2,22
0.050,8000,50,0,2,41
0.050,8000,100,2,4,59
0.050,8000,150,0,3,1
0.050,8050,30,1,0,22
0.050,8050,50,3,1,722
0.050,8050,100,2,3,687
0.050,8050,150,5,1,792
0.050,8050,200,5,2,910
0.070,100,30,0,0,1
0.070,100,50,6,2,1
0.070,100,100,0,2,767
0.070,100,150,5,4,872
0.070,100,200,2,4,1
0.070,100,250,17,7,1
0.070,200,30,1,1,1
0.070,200,50,2,0,1
0.070,200,100,5,2,895
0.070,200,150,5,8,966
0.070,200,200,4,4,1
0.070,200,250,9,8,1
0.070,300,30,0,2,1
0.070,300,50,0,4,2
0.070,300,100,0,10,970
0.070,300,150,5,4,1
0.070,300,200,6,6,1
0.070,300,250,2,7,2
0.070,500,30,1,4,2
0.070,500,50,1,5,3
0.070,500,100,3,7,1
0.070,500,150,4,10,1
0.070,500,200,3,7,2
0.070,500,250,7,12,4
0.070,1000,30,1,0,5
0.070,1000,50,1,2,6
0.070,1000,100,6,1,3
0.070,1000,150,9,4,5
0.070,1000,200,4,7,10
0.070,1000,250,13,8,15
0.070,3000,30,1,1,21
0.070,3000,50,2,1,25
0.070,3000,100,6,2,6
0.070,3000,150,4,8,11
0.070,3000,200,6,11,21
0.070,3000,250,9,17,31
0.070,5000,30,1,0,37
0.070,5000,50,1,2,45
0.070,5000,100,4,4,9
0.070,5000,150,9,2,15
0.070,5000,200,11,7,24
0.070,5000,250,11,6,45
0.070,6000,30,2,0,56
0.070,6000,50,3,1,14
0.070,6000,100,3,1,23
0.070,6000,150,1,1,40
0.070,6000,200,5,8,1
0.070,8000,30,1,2,7
0.070,8000,50,0,2,1
0.070,8000,100,3,4,22
0.070,8000,150,4,5,13
0.070,8050,30,0,1,19
0.070,8050,50,2,2,41
0.070,8050,100,2,5,1
0.070,8050,150,6,5,1
0.080,100,30,0,0,16
0.080,100,50,3,1,680
0.080,100,100,4,1,696
0.080,100,150,10,3,809
0.080,100,200,4,7,979
0.080,100,250,14,12,1
0.080,200,30,1,0,1
0.080,200,50,9,1,724
0.080,200,100,6,2,976
0.080,200,150,7,8,1
0.080,200,200,4,7,1
0.080,200,250,4,10,1
0.080,300,30,1,1,1
0.080,300,50,0,1,855
0.080,300,100,7,5,987
0.080,300,150,3,7,1
0.080,300,200,5,11,1
0.080,300,250,6,15,1
0.080,500,30,1,0,2
0.080,500,50,2,3,1
0.080,500,100,1,3,1
0.080,500,150,5,12,1
0.080,500,200,1,9,2
0.080,500,250,3,18,3
0.080,1000,30,4,2,3
0.080,1000,50,3,0,1
0.080,1000,100,5,6,2
0.080,1000,150,4,2,3
0.080,1000,200,7,5,4
0.080,1000,250,12,7,5
0.080,3000,30,3,1,6
0.080,3000,50,3,2,3
0.080,3000,100,3,4,5
0.080,3000,150,2,6,10
0.080,3000,200,9,8,14
0.080,3000,250,12,10,20
0.080,5000,30,2,1,23
0.080,5000,50,2,2,6
0.080,5000,100,7,2,12
0.080,5000,150,11,4,21
0.080,5000,200,11,6,28
0.080,5000,250,13,11,38
0.080,6000,30,1,2,47
0.080,6000,50,0,2,9
0.080,6000,100,2,3,15
0.080,6000,150,13,6,28
0.080,6000,200,6,7,41
0.080,6000,250,10,10,1
0.080,8000,30,1,4,3
0.080,8000,50,0,3,1
0.080,8000,100,0,9,3
0.080,8000,150,5,8,13
0.080,8050,30,5,1,23
0.080,8050,50,3,1,49
0.080,8050,100,10,2,1
0.080,8050,150,10,2,6
0.080,8050,200,14,4,14
0.090,100,30,1,0,19
0.090,100,50,3,1,39
0.090,100,100,6,2,58
0.090,100,150,6,3,1
0.090,100,200,10,7,12
0.090,100,250,18,6,674
0.090,200,30,1,1,781
0.090,200,50,3,1,891
0.090,200,100,4,9,1
0.090,200,150,4,9,1
0.090,200,200,9,4,1
0.090,200,250,9,12,725
0.090,300,30,0,4,835
0.090,300,50,3,1,1
0.090,300,100,6,2,1
0.090,300,150,6,7,1
0.090,300,200,11,11,1
0.090,300,250,8,17,838
0.090,500,30,0,4,988
0.090,500,50,0,4,1
0.090,500,100,0,8,1
0.090,500,150,2,10,1
0.090,500,200,4,8,2
0.090,500,250,6,11,1
0.090,1000,30,2,2,1
0.090,1000,50,2,2,1
0.090,1000,100,6,2,2
0.090,1000,150,11,5,2
0.090,1000,200,18,3,3
0.090,1000,250,13,7,1
0.090,3000,30,3,0,1
0.090,3000,50,2,4,3
0.090,3000,100,5,7,4
0.090,3000,150,4,8,5
0.090,3000,200,10,7,6
0.090,3000,250,6,10,3
0.090,5000,30,3,0,5
0.090,5000,50,4,1,10
0.090,5000,100,12,2,14
0.090,5000,150,4,4,19
0.090,5000,200,7,7,26
0.090,5000,250,15,6,7
0.090,6000,30,1,0,11
0.090,6000,50,3,4,21
0.090,6000,100,3,9,29
0.090,6000,150,8,13,39
0.090,6000,200,1,9,53
0.090,6000,250,3,15,9
0.090,8000,30,2,1,14
0.090,8000,50,0,3,27
0.090,8000,100,2,5,42
0.090,8000,150,0,13,55
0.090,8050,30,3,0,1
0.090,8050,50,0,1,9
0.090,8050,100,7,6,13
0.090,8050,150,14,2,23
0.090,8050,200,11,7,47
0.100,100,30,1,1,1
0.100,100,50,3,2,5
0.100,100,100,2,3,15
0.100,100,150,5,8,20
0.100,100,200,13,9,33
0.100,100,250,28,5,49
0.100,200,30,3,1,1
0.100,200,50,2,0,19
0.100,200,100,8,7,664
0.100,200,150,10,5,681
0.100,200,200,6,11,846
0.100,200,250,15,12,945
0.100,300,30,0,2,1
0.100,300,50,2,3,1
0.100,300,100,2,6,759
0.100,300,150,3,16,784
0.100,300,200,1,19,1
0.100,300,250,5,19,1
0.100,500,30,2,1,1
0.100,500,50,0,6,1
0.100,500,100,1,10,876
0.100,500,150,7,9,955
0.100,500,200,6,14,1
0.100,500,250,2,10,1
0.100,1000,30,1,4,1
0.100,1000,50,0,3,2
0.100,1000,100,5,3,1
0.100,1000,150,13,3,1
0.100,1000,200,11,5,1
0.100,1000,250,22,13,2
0.100,3000,30,0,2,2
0.100,3000,50,3,3,3
0.100,3000,100,5,5,1
0.100,3000,150,6,7,1
0.100,3000,200,6,14,3
0.100,3000,250,16,6,4
0.100,5000,30,2,1,5
0.100,5000,50,2,2,6
0.100,5000,100,12,2,3
0.100,5000,150,3,7,5
0.100,5000,200,18,5,10
0.100,5000,250,16,8,15
0.100,6000,30,0,1,21
0.100,6000,50,5,1,25
0.100,6000,100,10,7,7
0.100,6000,150,8,10,10
0.100,6000,200,8,9,22
0.100,6000,250,8,11,31
0.100,8000,30,0,1,41
0.100,8000,50,1,1,48
0.100,8000,100,2,7,9
0.100,8000,150,6,10,14
0.100,8000,200,8,20,27
0.100,8050,30,4,0,41
0.100,8050,50,2,0,54
0.100,8050,100,6,1,15
0.100,8050,150,10,2,21
0.100,8050,200,6,5,46
0.150,100,30,5,2,1
0.150,100,50,10,3,6
0.150,100,100,5,2,14
0.150,100,150,19,7,20
0.150,100,200,18,10,37
0.150,100,250,27,4,1
0.150,200,30,3,4,669
0.150,200,50,5,6,705
0.150,200,100,12,5,823
0.150,200,150,13,7,917
0.150,200,200,15,15,1
0.150,200,250,26,22,1
0.150,300,30,2,1,733
0.150,300,50,0,10,867
0.150,300,100,5,10,1
0.150,300,150,10,10,1
0.150,300,200,18,15,1
0.150,300,250,11,23,1
0.150,500,30,2,3,971
0.150,500,50,7,4,1
0.150,500,100,1,9,1
0.150,500,150,4,17,1
0.150,500,200,11,21,2
0.150,500,250,13,23,2
0.150,1000,30,13,2,984
0.150,1000,50,7,4,1
0.150,1000,100,12,4,1
0.150,1000,150,8,10,2
0.150,1000,200,14,15,3
0.150,1000,250,24,8,3
0.150,3000,30,0,3,1
0.150,3000,50,14,2,1
0.150,3000,100,1,6,3
0.150,3000,150,13,9,4
0.150,3000,200,15,19,5
0.150,3000,250,17,15,6
0.150,5000,30,2,2,3
0.150,5000,50,3,5,5
0.150,5000,100,11,3,10
0.150,5000,150,8,9,14
0.150,5000,200,23,6,20
0.150,5000,250,30,9,23
0.150,6000,30,2,1,7
0.150,6000,50,6,4,10
0.150,6000,100,7,4,21
0.150,6000,150,10,9,33
0.150,6000,200,7,13,41
0.150,8000,30,0,5,48
0.150,8000,50,2,6,10
0.150,8000,100,9,12,15
0.150,8000,150,0,18,27
0.150,8000,200,11,19,41
0.150,8050,30,3,4,51
0.150,8050,50,7,1,1
0.150,8050,100,11,3,14
0.150,8050,150,17,3,16
0.150,8050,200,21,7,20
0.001,100,30,0,0,42
0.001,100,50,0,0,1
0.001,100,100,0,1,6
0.001,100,150,0,0,13
0.001,100,200,1,0,17
0.001,100,250,0,0,40
0.001,200,30,0,0,1
0.001,200,50,0,0,6
0.001,200,100,0,0,1
0.001,200,150,0,0,14
0.001,200,200,0,1,679
0.001,200,250,0,0,764
0.001,300,30,0,0,942
0.001,300,50,0,0,951
0.001,300,100,0,0,1
0.001,300,150,0,0,1
0.001,300,200,0,0,753
0.001,300,250,0,0,846
0.001,500,30,0,0,1
0.001,500,50,0,0,1
0.001,500,100,0,0,1
0.001,500,150,0,0,1
0.001,500,200,0,0,839
0.001,500,250,0,0,959
0.001,1000,30,0,0,1
0.001,1000,50,0,0,1
0.001,1000,100,0,0,1
0.001,1000,150,0,0,2
0.001,1000,200,2,0,1
0.001,1000,250,5,0,1
0.001,3000,30,0,0,1
0.001,3000,50,0,0,2
0.001,3000,100,1,0,2
0.001,3000,150,1,0,3
0.001,3000,200,0,0,1
0.001,3000,250,0,0,1
0.001,5000,30,0,0,3
0.001,5000,50,0,0,4
0.001,5000,100,0,0,5
0.001,5000,150,0,0,6
0.001,5000,200,1,0,3
0.001,5000,250,2,0,5
0.001,6000,30,0,0,10
0.001,6000,50,1,0,17
0.001,6000,100,0,0,18
0.001,6000,150,0,0,24
0.001,6000,200,0,0,7
0.001,6000,250,2,0,11
0.001,8000,30,0,0,21
0.001,8000,50,0,0,34
0.001,8000,100,0,0,42
0.001,8000,150,0,0,54
0.001,8000,200,0,0,9
0.001,8050,30,0,0,15
0.001,8050,50,0,0,27
0.001,8050,100,0,0,43
0.001,8050,150,0,0,57
0.001,8050,200,0,0,1
0.010,100,30,0,0,8
0.010,100,50,0,0,13
0.010,100,100,0,1,21
0.010,100,150,2,0,42
0.010,100,200,1,0,1
0.010,100,250,3,1,3
0.010,200,30,2,0,13
0.010,200,50,0,1,24
0.010,200,100,1,1,46
0.010,200,150,0,2,1
0.010,200,200,2,0,2
0.010,200,250,2,2,1
0.010,300,30,0,0,15
0.010,300,50,0,0,679
0.010,300,100,0,0,694
0.010,300,150,0,1,828
0.010,300,200,0,2,906
0.010,300,250,0,3,1
0.010,500,30,0,1,1
0.010,500,50,0,0,745
0.010,500,100,0,1,948
0.010,500,150,0,0,1
0.010,500,200,0,2,1
0.010,500,250,0,2,1
0.010,1000,30,0,0,1
0.010,1000,50,0,0,960
0.010,1000,100,2,1,961
0.010,1000,150,1,1,1
0.010,1000,200,3,1,1
0.010,1000,250,4,0,2
0.010,3000,30,0,0,2
0.010,3000,50,1,1,1
0.010,3000,100,0,0,1
0.010,3000,150,2,0,1
0.010,3000,200,4,2,2
0.010,3000,250,0,0,2
0.010,5000,30,0,0,3
0.010,5000,50,0,0,1
0.010,5000,100,1,1,2
0.010,5000,150,0,0,3
0.010,5000,200,1,0,4
0.010,5000,250,3,1,5
0.010,6000,30,0,0,6
0.010,6000,50,0,0,4
0.010,6000,100,0,3,6
0.010,6000,150,0,0,10
0.010,6000,200,3,1,15
0.010,6000,250,0,1,19
0.010,8000,30,0,0,23
0.010,8000,50,0,0,7
0.010,8000,100,0,1,12
0.010,8000,150,0,0,21
0.010,8000,200,0,2,31
0.010,8050,30,0,0,44
0.010,8050,50,1,1,52
0.010,8050,100,0,0,10
0.010,8050,150,0,0,16
0.010,8050,200,3,1,27
0.030,100,30,1,0,45
0.030,100,50,0,0,56
0.030,100,100,1,1,1
0.030,100,150,1,2,7
0.030,100,200,1,2,13
0.030,100,250,2,2,24
0.030,200,30,0,0,45
0.030,200,50,0,1,56
0.030,200,100,1,2,1
0.030,200,150,2,3,27
0.030,200,200,1,6,13
0.030,200,250,1,6,21
0.030,300,30,0,0,39
0.030,300,50,0,4,1
0.030,300,100,0,4,1
0.030,300,150,0,4,1
0.030,300,200,2,2,17
0.030,300,250,2,6,701
0.030,500,30,0,1,777
0.030,500,50,0,2,802
0.030,500,100,0,2,946
0.030,500,150,0,4,1
0.030,500,200,1,5,1
0.030,500,250,0,10,842
0.030,1000,30,0,0,848
0.030,1000,50,2,0,1
0.030,1000,100,3,1,1
0.030,1000,150,4,1,1
0.030,1000,200,6,2,1
0.030,1000,250,8,3,861
0.030,3000,30,0,0,1
0.030,3000,50,1,1,1
0.030,3000,100,2,1,1
0.030,3000,150,1,0,1
0.030,3000,200,3,2,2
0.030,3000,250,4,3,995
0.030,5000,30,0,0,1
0.030,5000,50,1,0,1
0.030,5000,100,6,1,2
0.030,5000,150,2,1,2
0.030,5000,200,5,4,3
0.030,5000,250,7,1,1
0.030,6000,30,0,1,1
0.030,6000,50,2,3,3
0.030,6000,100,3,3,4
0.030,6000,150,3,3,5
0.030,6000,200,7,2,6
0.030,8000,30,0,0,4
0.030,8000,50,0,0,5
0.030,8000,100,1,1,10
0.030,8000,150,0,3,14
0.030,8000,200,1,2,21
0.030,8050,30,2,0,24
0.030,8050,50,2,0,8
0.030,8050,100,4,0,11
0.030,8050,150,3,1,21
0.030,8050,200,1,3,29
0.050,100,30,1,0,40
0.050,100,50,0,1,50
0.050,100,100,2,3,8
0.050,100,150,3,1,17
0.050,100,200,6,5,29
0.050,100,250,9,3,46
0.050,200,30,3,0,1
0.050,200,50,0,1,2
0.050,200,100,0,1,16
0.050,200,150,4,4,26
0.050,200,200,6,3,51
0.050,200,250,8,4,1
0.050,300,30,0,0,18
0.050,300,50,0,2,1
0.050,300,100,3,4,33
0.050,300,150,1,6,14
0.050,300,200,5,6,24
0.050,300,250,0,9,45
0.050,500,30,0,1,58
0.050,500,50,1,1,1
0.050,500,100,1,1,22
0.050,500,150,4,3,794
0.050,500,200,2,8,763
0.050,500,250,1,15,863
0.050,1000,30,4,0,919
0.050,1000,50,0,1,1
0.050,1000,100,2,5,1
0.050,1000,150,11,2,833
0.050,1000,200,8,3,827
0.050,1000,250,11,8,1
0.050,3000,30,1,2,1
0.050,3000,50,1,2,1
0.050,3000,100,3,5,1
0.050,3000,150,9,4,968
0.050,3000,200,5,5,1
0.050,3000,250,4,12,1
0.050,5000,30,0,1,1
0.050,5000,50,0,1,2
0.050,5000,100,2,2,2
0.050,5000,150,11,1,1
0.050,5000,200,8,4,1
0.050,5000,250,7,2,1
0.050,6000,30,0,0,2
0.050,6000,50,1,3,3
0.050,6000,100,2,2,3
0.050,6000,150,5,3,1
0.050,6000,200,2,1,1
0.050,6000,250,8,5,3
0.050,8000,30,0,0,4
0.050,8000,50,0,1,5
0.050,8000,100,4,4,7
0.050,8000,150,1,7,4
0.050,8050,30,1,1,6
0.050,8050,50,3,2,10
0.050,8050,100,4,1,16
0.050,8050,150,9,2,18
0.050,8050,200,3,4,24
0.070,100,30,2,3,7
0.070,100,50,3,1,12
0.070,100,100,1,5,21
0.070,100,150,5,5,29
0.070,100,200,3,9,44
0.070,100,250,8,8,50
0.070,200,30,4,0,11
0.070,200,50,0,1,14
0.070,200,100,6,5,30
0.070,200,150,6,7,41
0.070,200,200,7,4,55
0.070,200,250,8,11,1
0.070,300,30,0,2,3
0.070,300,50,0,3,18
0.070,300,100,0,6,27
0.070,300,150,3,5,40
0.070,300,200,3,8,1
0.070,300,250,6,13,8
0.070,500,30,0,1,1
0.070,500,50,0,4,33
0.070,500,100,2,6,13
0.070,500,150,4,7,21
0.070,500,200,1,10,48
0.070,500,250,14,12,1
0.070,1000,30,2,0,6
0.070,1000,50,4,0,1
0.070,1000,100,10,4,21
0.070,1000,150,10,6,682
0.070,1000,200,9,5,709
0.070,1000,250,11,3,946
0.070,3000,30,0,0,948
0.070,3000,50,3,2,1
0.070,3000,100,0,7,1
0.070,3000,150,7,8,751
0.070,3000,200,8,2,805
0.070,3000,250,7,10,1
0.070,5000,30,3,0,1
0.070,5000,50,2,1,1
0.070,5000,100,4,0,1
0.070,5000,150,7,4,851
0.070,5000,200,13,3,977
0.070,5000,250,12,8,1
0.070,6000,30,0,0,1
0.070,6000,50,1,3,1
0.070,6000,100,4,5,2
0.070,6000,150,6,3,1
0.070,6000,200,7,12,1
0.070,8000,30,0,1,1
0.070,8000,50,3,2,2
0.070,8000,100,0,9,3
0.070,8000,150,1,10,3
0.070,8000,200,2,9,1
0.070,8050,30,1,0,2
0.070,8050,50,3,4,3
0.070,8050,100,3,3,4
0.070,8050,150,12,2,5
0.070,8050,200,9,7,6
0.080,100,30,1,1,3
0.080,100,50,0,1,5
0.080,100,100,5,2,11
0.080,100,150,4,4,15
0.080,100,200,9,7,20
0.080,100,250,11,9,27
0.080,200,30,0,1,6
0.080,200,50,2,3,11
0.080,200,100,9,1,20
0.080,200,150,7,4,30
0.080,200,200,10,14,42
0.080,200,250,13,11,48
0.080,300,30,0,2,9
0.080,300,50,1,3,16
0.080,300,100,1,4,33
0.080,300,150,2,7,49
0.080,300,200,13,15,57
0.080,300,250,1,17,1
0.080,500,30,1,0,14
0.080,500,50,2,0,14
0.080,500,100,1,8,19
0.080,500,150,2,8,48
0.080,500,200,0,11,1
0.080,500,250,3,11,15
0.080,1000,30,1,0,1
0.080,1000,50,0,1,34
0.080,1000,100,6,0,15
0.080,1000,150,10,0,25
0.080,1000,200,8,8,43
0.080,1000,250,22,7,1
0.080,3000,30,1,3,5
0.080,3000,50,2,1,1
0.080,3000,100,5,3,24
0.080,3000,150,8,4,770
0.080,3000,200,9,13,789
0.080,3000,250,8,16,1
0.080,5000,30,3,1,955
0.080,5000,50,3,4,1
0.080,5000,100,8,7,1
0.080,5000,150,8,8,784
0.080,5000,200,9,4,881
0.080,5000,250,13,3,1
0.080,6000,30,0,2,1
0.080,6000,50,1,1,1
0.080,6000,100,4,5,1
0.080,6000,150,0,6,927
0.080,6000,200,8,4,1
0.080,8000,30,0,1,1
0.080,8000,50,2,0,2
0.080,8000,100,0,4,2
0.080,8000,150,4,10,2
0.080,8000,200,0,18,1
0.080,8050,30,1,0,1
0.080,8050,50,3,0,1
0.080,8050,100,5,1,3
0.080,8050,150,4,3,3
0.080,8050,200,10,7,3
0.090,100,30,4,0,1
0.090,100,50,3,0,1
0.090,100,100,6,1,3
0.090,100,150,8,7,4
0.090,100,200,7,11,5
0.090,100,250,17,6,7
0.090,200,30,1,1,4
0.090,200,50,5,3,7
0.090,200,100,6,6,13
0.090,200,150,15,1,18
0.090,200,200,9,11,18
0.090,200,250,12,13,28
0.090,300,30,0,2,7
0.090,300,50,4,4,12
0.090,300,100,4,10,25
0.090,300,150,9,8,36
0.090,300,200,5,14,45
0.090,300,250,8,16,57
0.090,500,30,6,2,11
0.090,500,50,0,0,17
0.090,500,100,0,5,28
0.090,500,150,7,9,46
0.090,500,200,4,11,59
0.090,500,250,5,11,15
0.090,1000,30,0,1,24
0.090,1000,50,2,0,41
0.090,1000,100,4,2,1
0.090,1000,150,11,4,17
0.090,1000,200,12,5,1
0.090,1000,250,17,7,43
0.090,3000,30,2,1,14
0.090,3000,50,4,2,23
0.090,3000,100,3,6,46
0.090,3000,150,11,4,1
0.090,3000,200,3,13,9
0.090,3000,250,9,9,1
0.090,5000,30,3,0,26
0.090,5000,50,4,1,729
0.090,5000,100,2,2,771
0.090,5000,150,5,6,888
0.090,5000,200,13,3,933
0.090,5000,250,14,8,1
0.090,6000,30,0,1,1
0.090,6000,50,4,1,789
0.090,6000,100,8,5,902
0.090,6000,150,6,7,1
0.090,6000,200,12,8,1
0.090,6000,250,16,12,1
0.090,8000,30,1,3,1
0.090,8000,50,0,0,857
0.090,8000,100,1,6,1
0.090,8000,150,4,14,1
0.090,8050,30,1,1,1
0.090,8050,50,2,4,2
0.090,8050,100,11,3,2
0.090,8050,150,13,2,1
0.090,8050,200,14,4,1
0.100,100,30,4,0,1
0.100,100,50,0,3,2
0.100,100,100,7,3,3
0.100,100,150,9,6,3
0.100,100,200,17,2,1
0.100,100,250,20,8,2
0.100,200,30,1,1,2
0.100,200,50,2,4,5
0.100,200,100,2,1,5
0.100,200,150,6,7,8
0.100,200,200,15,5,4
0.100,200,250,8,19,6
0.100,300,30,6,1,12
0.100,300,50,0,4,18
0.100,300,100,1,6,26
0.100,300,150,2,13,31
0.100,300,200,8,16,9
0.100,300,250,6,26,13
0.100,500,30,3,3,24
0.100,500,50,1,0,33
0.100,500,100,1,5,42
0.100,500,150,4,8,50
0.100,500,200,11,8,11
0.100,500,250,16,15,17
0.100,1000,30,3,2,30
0.100,1000,50,2,1,43
0.100,1000,100,5,2,57
0.100,1000,150,15,3,1
0.100,1000,200,11,12,14
0.100,1000,250,21,11,17
0.100,3000,30,3,1,27
0.100,3000,50,7,1,45
0.100,3000,100,7,9,1
0.100,3000,150,7,7,13
0.100,3000,200,9,7,15
0.100,3000,250,16,9,24
0.100,5000,30,1,1,41
0.100,5000,50,1,1,48
0.100,5000,100,6,4,1
0.100,5000,150,8,2,24
0.100,5000,200,16,9,703
0.100,5000,250,19,7,728
0.100,6000,30,6,1,790
0.100,6000,50,1,4,989
0.100,6000,100,4,5,1
0.100,6000,150,5,12,1
0.100,6000,200,8,16,847
0.100,8000,30,0,5,990
0.100,8000,50,2,3,1
0.100,8000,100,4,6,1
0.100,8000,150,5,6,1
0.100,8000,200,2,18,1
0.100,8050,30,2,0,947
0.100,8050,50,1,2,1
0.100,8050,100,13,0,1
0.100,8050,150,12,2,1
0.100,8050,200,15,4,2
0.150,100,30,2,3,2
0.150,100,50,7,1,1
0.150,100,100,14,7,1
0.150,100,150,9,13,1
0.150,100,200,20,6,2
0.150,100,250,31,13,3
0.150,200,30,1,3,4
0.150,200,50,5,1,1
0.150,200,100,3,10,2
0.150,200,150,20,11,3
0.150,200,200,15,12,4
0.150,200,250,27,13,5
0.150,300,30,3,1,6
0.150,300,50,3,9,3
0.150,300,100,3,6,5
0.150,300,150,9,14,10
0.150,300,200,8,13,16
0.150,300,250,15,25,21
0.150,500,30,2,3,24
0.150,500,50,2,5,7
0.150,500,100,11,10,12
0.150,500,150,3,16,20
0.150,500,200,15,12,41
0.150,500,250,15,13,44
0.150,1000,30,1,2,58
0.150,1000,50,5,1,9
0.150,1000,100,17,3,17
0.150,1000,150,17,6,29
0.150,1000,200,21,13,47
0.150,1000,250,23,18,59
0.150,3000,30,2,3,16
0.150,3000,50,3,5,22
0.150,3000,100,3,9,46
0.150,3000,150,10,8,1
0.150,3000,200,12,15,10
0.150,3000,250,35,13,1
0.150,5000,30,5,1,28
0.150,5000,50,4,3,12
0.150,5000,100,12,3,21
0.150,5000,150,20,13,43
0.150,5000,200,26,7,1
0.150,5000,250,24,7,3
0.150,6000,30,3,0,1
0.150,6000,50,6,1,32
0.150,6000,100,10,5,712
0.150,6000,150,9,12,675
0.150,6000,200,15,14,971
0.150,6000,250,15,16,1
0.150,8000,30,2,3,1
0.150,8000,50,5,10,1
0.150,8000,100,6,10,820
0.150,8000,150,10,17,951
0.150,8000,200,19,23,1
0.150,8050,30,4,1,1
0.150,8050,50,14,1,1
0.150,8050,100,12,4,1
0.150,8050,150,15,3,833
0.150,8050,200,26,11,1
0.001,100,30,0,0,1
0.001,100,50,0,0,1
0.001,100,100,0,0,2
0.001,100,150,0,0,2
0.001,100,200,0,0,1
0.001,100,250,0,0,1
0.001,200,30,0,0,2
0.001,200,50,0,0,2
0.001,200,100,0,0,3
0.001,200,150,0,0,4
0.001,200,200,0,0,1
0.001,200,250,0,0,2
0.001,300,30,0,0,3
0.001,300,50,0,0,4
0.001,300,100,0,0,5
0.001,300,150,0,0,7
0.001,300,200,0,0,4
0.001,300,250,0,0,7
0.001,500,30,0,0,12
0.001,500,50,0,0,14
0.001,500,100,0,0,21
0.001,500,150,0,0,23
0.001,500,200,0,0,7
0.001,500,250,0,0,11
0.001,1000,30,0,0,24
0.001,1000,50,0,0,32
0.001,1000,100,0,0,37
0.001,1000,150,2,0,51
0.001,1000,200,1,0,10
0.001,1000,250,2,1,17
0.001,3000,30,0,0,29
0.001,3000,50,1,0,45
0.001,3000,100,0,0,57
0.001,3000,150,0,0,13
0.001,3000,200,0,1,25
0.001,3000,250,1,0,47
0.001,5000,30,1,0,1
0.001,5000,50,1,0,5
0.001,5000,100,0,0,1
0.001,5000,150,0,0,39
0.001,5000,200,0,0,12
0.001,5000,250,2,1,22
0.001,6000,30,0,0,43
0.001,6000,50,1,0,1
0.001,6000,100,0,0,8
0.001,6000,150,0,0,1
0.001,6000,200,0,0,6
0.001,6000,250,0,0,735
0.001,8000,30,0,0,694
0.001,8000,50,0,0,823
0.001,8000,100,0,0,950
0.001,8000,150,0,0,1
0.001,8000,200,0,0,1
0.001,8050,30,0,0,777
0.001,8050,50,0,0,886
0.001,8050,100,0,0,1
0.001,8050,150,0,0,1
0.001,8050,200,1,1,1
0.010,100,30,2,0,1
0.010,100,50,0,0,988
0.010,100,100,1,0,1
0.010,100,150,3,0,1
0.010,100,200,2,0,1
0.010,100,250,0,2,2
0.010,200,30,0,1,2
0.010,200,50,0,2,1
0.010,200,100,0,1,1
0.010,200,150,0,1,1
0.010,200,200,1,2,2
0.010,200,250,0,0,2
0.010,300,30,0,0,3
0.010,300,50,0,0,1
0.010,300,100,1,0,1
0.010,300,150,0,3,3
0.010,300,200,1,2,4
0.010,300,250,0,3,5
0.010,500,30,0,1,6
0.010,500,50,0,0,4
0.010,500,100,0,0,6
0.010,500,150,0,2,11
0.010,500,200,0,3,18
0.010,500,250,1,3,21
0.010,1000,30,0,0,23
0.010,1000,50,2,0,8
0.010,1000,100,0,0,11
0.010,1000,150,0,0,23
0.010,1000,200,3,1,33
0.010,1000,250,2,0,40
0.010,3000,30,0,0,1
0.010,3000,50,0,1,9
0.010,3000,100,1,1,16
0.010,3000,150,0,0,25
0.010,3000,200,2,0,45
0.010,3000,250,2,1,1
0.010,5000,30,1,0,3
0.010,5000,50,0,0,1
0.010,5000,100,2,0,17
0.010,5000,150,1,1,16
0.010,5000,200,2,1,24
0.010,5000,250,5,1,44
0.010,6000,30,0,0,1
0.010,6000,50,0,0,10
0.010,6000,100,1,0,14
0.010,6000,150,2,0,21
0.010,6000,200,3,1,40
0.010,6000,250,0,0,57
0.010,8000,30,0,0,1
0.010,8000,50,1,1,22
0.010,8000,100,2,1,712
0.010,8000,150,2,0,729
0.010,8050,30,0,0,839
0.010,8050,50,1,0,917
0.010,8050,100,0,1,1
0.010,8050,150,1,3,1
0.010,8050,200,1,1,774
0.030,100,30,1,0,897
0.030,100,50,2,2,1
0.030,100,100,1,1,1
0.030,100,150,1,2,1
0.030,100,200,6,6,1
0.030,100,250,1,1,881
0.030,200,30,2,0,1
0.030,200,50,1,0,1
0.030,200,100,0,3,1
0.030,200,150,3,1,1
0.030,200,200,1,1,2
0.030,200,250,2,3,1
0.030,300,30,0,1,1
0.030,300,50,0,1,1
0.030,300,100,0,0,2
0.030,300,150,3,3,3
0.030,300,200,0,4,3
0.030,300,250,0,6,1
0.030,500,30,1,1,2
0.030,500,50,2,1,3
0.030,500,100,0,1,4
0.030,500,150,0,5,5
0.030,500,200,6,9,7
0.030,500,250,1,6,4
0.030,1000,30,1,0,5
0.030,1000,50,3,1,10
0.030,1000,100,1,1,15
0.030,1000,150,3,1,20
0.030,1000,200,2,2,26
0.030,1000,250,9,2,7
0.030,3000,30,0,1,10
0.030,3000,50,0,2,19
0.030,3000,100,1,1,29
0.030,3000,150,4,3,39
0.030,3000,200,3,2,48
0.030,3000,250,6,4,9
0.030,5000,30,1,0,13
0.030,5000,50,1,0,27
0.030,5000,100,4,0,44
0.030,5000,150,3,4,1
0.030,5000,200,2,2,15
0.030,5000,250,10,2,23
0.030,6000,30,0,1,47
0.030,6000,50,0,3,1
0.030,6000,100,1,2,7
0.030,6000,150,0,7,1
0.030,6000,200,2,2,22
0.030,6000,250,3,7,14
0.030,8000,30,0,1,21
0.030,8000,50,0,1,44
0.030,8000,100,0,2,1
0.030,8000,150,1,5,7
0.030,8000,200,0,5,1
0.030,8050,30,0,0,8
0.030,8050,50,0,0,777
0.030,8050,100,1,0,700
0.030,8050,150,4,0,813
0.030,8050,200,3,4,1
0.050,100,30,2,0,1
0.050,100,50,0,0,1
0.050,100,100,0,2,787
0.050,100,150,1,4,809
0.050,100,200,4,4,1
0.050,100,250,6,3,1
0.050,200,30,2,1,1
0.050,200,50,2,1,1
0.050,200,100,2,4,983
0.050,200,150,2,4,1
0.050,200,200,5,6,1
0.050,200,250,2,6,1
0.050,300,30,1,1,2
0.050,300,50,0,1,2
0.050,300,100,1,3,1
0.050,300,150,2,6,1
0.050,300,200,1,13,1
0.050,300,250,2,16,2
0.050,500,30,0,1,3
0.050,500,50,0,3,3
0.050,500,100,0,1,1
0.050,500,150,0,5,2
0.050,500,200,3,6,2
0.050,500,250,2,12,4
0.050,1000,30,2,2,6
0.050,1000,50,0,0,6
0.050,1000,100,5,0,3
0.050,1000,150,2,0,6
0.050,1000,200,8,4,11
0.050,1000,250,7,6,15
0.050,3000,30,1,2,19
0.050,3000,50,2,0,23
0.050,3000,100,0,0,8
0.050,3000,150,2,6,11
0.050,3000,200,1,8,20
0.050,3000,250,6,11,34
0.050,5000,30,1,0,44
0.050,5000,50,0,1,53
0.050,5000,100,4,0,9
0.050,5000,150,6,1,15
0.050,5000,200,5,4,29
0.050,5000,250,5,7,45
0.050,6000,30,0,0,1
0.050,6000,50,0,2,1
0.050,6000,100,5,2,11
0.050,6000,150,2,7,12
0.050,6000,200,3,2,21
0.050,6000,250,7,8,41
0.050,8000,30,0,2,1
0.050,8000,50,0,4,4
0.050,8000,100,0,7,1
0.050,8000,150,0,4,23
0.050,8050,30,1,1,14
0.050,8050,50,1,1,20
0.050,8050,100,3,1,40
0.050,8050,150,4,6,1
0.050,8050,200,6,7,1
0.070,100,30,5,0,1
0.070,100,50,1,1,21
0.070,100,100,8,6,738
0.070,100,150,5,1,660
0.070,100,200,4,5,770
0.070,100,250,10,6,1
0.070,200,30,3,0,1
0.070,200,50,3,1,1
0.070,200,100,2,2,777
0.070,200,150,2,3,875
0.070,200,200,8,6,1
0.070,200,250,4,10,1
0.070,300,30,2,0,1
0.070,300,50,0,5,1
0.070,300,100,3,6,810
0.070,300,150,0,10,954
0.070,300,200,4,12,1
0.070,300,250,8,16,1
0.070,500,30,0,3,1
0.070,500,50,0,2,2
0.070,500,100,5,3,1
0.070,500,150,5,8,1
0.070,500,200,3,7,1
0.070,500,250,2,16,2
0.070,1000,30,2,0,3
0.070,1000,50,1,1,3
0.070,1000,100,5,4,1
0.070,1000,150,4,0,1
0.070,1000,200,11,1,2
0.070,1000,250,12,4,4
0.070,3000,30,0,2,5
0.070,3000,50,2,4,7
0.070,3000,100,2,6,3
0.070,3000,150,4,2,5
0.070,3000,200,3,7,10
0.070,3000,250,9,10,15
0.070,5000,30,1,1,21
0.070,5000,50,1,3,22
0.070,5000,100,3,0,7
0.070,5000,150,6,2,10
0.070,5000,200,5,1,23
0.070,5000,250,15,10,32
0.070,6000,30,0,4,40
0.070,6000,50,3,3,48
0.070,6000,100,1,5,8
0.070,6000,150,5,4,14
0.070,6000,200,6,2,21
0.070,6000,250,4,8,44
0.070,8000,30,0,3,51
0.070,8000,50,1,6,1
0.070,8000,100,0,7,9
0.070,8000,150,1,10,13
0.070,8050,30,3,2,22
0.070,8050,50,1,1,38
0.070,8050,100,3,1,1
0.070,8050,150,5,3,6
0.070,8050,200,6,2,1
0.080,100,30,3,0,17
0.080,100,50,0,2,13
0.080,100,100,5,4,21
0.080,100,150,5,5,40
0.080,100,200,10,9,55
0.080,100,250,12,3,1
0.080,200,30,1,0,18
0.080,200,50,1,3,691
0.080,200,100,3,6,684
0.080,200,150,4,4,806
0.080,200,200,7,8,935
0.080,200,250,9,4,1
0.080,300,30,0,2,1
0.080,300,50,1,3,763
0.080,300,100,10,5,825
0.080,300,150,1,7,1
0.080,300,200,11,10,1
0.080,300,250,12,12,1
0.080,500,30,0,2,1
0.080,500,50,1,3,856
0.080,500,100,0,6,1
0.080,500,150,3,10,1
0.080,500,200,6,11,1
0.080,500,250,6,17,1
0.080,1000,30,0,1,2
0.080,1000,50,1,4,1
0.080,1000,100,10,4,1
0.080,1000,150,9,1,1
0.080,1000,200,15,6,2
0.080,1000,250,19,8,3
0.080,3000,30,0,1,3
0.080,3000,50,0,2,1
0.080,3000,100,3,4,1
0.080,3000,150,6,2,2
0.080,3000,200,4,13,4
0.080,3000,250,9,7,5
0.080,5000,30,1,1,6
0.080,5000,50,8,2,3
0.080,5000,100,5,1,6
0.080,5000,150,8,2,11
0.080,5000,200,14,7,14
0.080,5000,250,13,5,19
0.080,6000,30,0,4,27
0.080,6000,50,7,0,8
0.080,6000,100,6,4,10
0.080,6000,150,8,6,22
0.080,6000,200,9,7,33
0.080,8000,30,1,1,41
0.080,8000,50,0,2,49
0.080,8000,100,4,5,10
0.080,8000,150,2,10,13
0.080,8000,200,3,10,28
0.080,8050,30,0,2,42
0.080,8050,50,1,2,57
0.080,8050,100,7,0,1
0.080,8050,150,9,4,10
0.080,8050,200,7,3,16

